user,joined_timestamp,num_auctions_engaged
buyer,2018-01-01 03:29:38,28
seller,2018-01-01 05:22:53,12
buyer,2018-01-01 05:33:32,27
buyer,2018-01-01 06:58:19,28
buyer,2018-01-01 12:42:00,30
buyer,2018-01-02 04:35:18,29
buyer,2018-01-02 06:47:36,27
buyer,2018-01-02 08:10:32,29
buyer,2018-01-02 12:52:02,29
seller,2018-01-03 00:33:23,16
seller,2018-01-03 01:16:03,13
seller,2018-01-03 02:16:55,16
buyer,2018-01-03 02:52:13,26
buyer,2018-01-03 03:38:06,30
seller,2018-01-03 03:44:26,16
buyer,2018-01-03 04:36:24,30
buyer,2018-01-03 04:49:21,27
buyer,2018-01-03 05:15:38,20
buyer,2018-01-03 05:20:55,26
buyer,2018-01-03 05:27:15,33
buyer,2018-01-03 05:31:02,33
buyer,2018-01-03 05:38:49,30
buyer,2018-01-03 05:49:17,24
buyer,2018-01-03 05:51:46,28
buyer,2018-01-03 05:54:21,24
buyer,2018-01-03 06:41:56,27
seller,2018-01-03 07:09:37,18
buyer,2018-01-03 07:35:36,27
seller,2018-01-03 07:41:09,12
buyer,2018-01-03 07:43:27,28
buyer,2018-01-03 12:44:23,32
buyer,2018-01-03 13:09:58,28
buyer,2018-01-04 00:19:57,25
seller,2018-01-04 01:27:04,14
buyer,2018-01-04 01:39:56,27
buyer,2018-01-04 02:54:02,28
buyer,2018-01-04 02:54:54,25
buyer,2018-01-04 02:56:45,31
buyer,2018-01-04 03:14:19,23
buyer,2018-01-04 03:18:35,28
seller,2018-01-04 03:21:01,14
seller,2018-01-04 03:58:07,13
buyer,2018-01-04 04:40:46,30
buyer,2018-01-04 04:42:21,34
buyer,2018-01-04 05:18:32,28
seller,2018-01-04 05:19:43,16
buyer,2018-01-04 05:53:29,30
buyer,2018-01-04 06:22:42,24
buyer,2018-01-04 06:29:10,29
buyer,2018-01-04 07:01:38,29
buyer,2018-01-04 07:05:47,34
buyer,2018-01-04 07:14:58,29
buyer,2018-01-04 07:27:49,24
buyer,2018-01-04 08:06:59,34
buyer,2018-01-04 08:51:49,33
buyer,2018-01-04 08:56:49,30
seller,2018-01-04 10:52:00,13
seller,2018-01-04 11:18:19,16
buyer,2018-01-05 01:36:20,26
buyer,2018-01-05 01:46:10,24
buyer,2018-01-05 01:56:27,31
buyer,2018-01-05 01:56:30,28
buyer,2018-01-05 02:36:45,25
buyer,2018-01-05 03:05:15,23
buyer,2018-01-05 03:38:16,29
buyer,2018-01-05 04:19:07,23
buyer,2018-01-05 05:10:53,30
buyer,2018-01-05 05:40:26,28
buyer,2018-01-05 06:52:00,26
buyer,2018-01-05 08:19:37,24
buyer,2018-01-05 08:24:14,34
buyer,2018-01-06 00:22:34,29
seller,2018-01-06 00:54:20,16
buyer,2018-01-06 01:43:53,30
seller,2018-01-06 02:03:09,15
buyer,2018-01-06 02:34:44,26
buyer,2018-01-06 02:49:32,34
seller,2018-01-06 03:28:54,17
buyer,2018-01-06 03:40:10,30
seller,2018-01-06 04:17:19,12
seller,2018-01-06 04:48:07,16
buyer,2018-01-06 05:49:28,24
buyer,2018-01-06 06:19:42,22
buyer,2018-01-06 07:19:27,28
seller,2018-01-06 07:30:34,18
buyer,2018-01-06 07:33:54,30
buyer,2018-01-06 07:45:24,28
buyer,2018-01-06 07:51:43,28
buyer,2018-01-06 08:23:00,31
buyer,2018-01-06 10:22:42,33
buyer,2018-01-07 06:20:21,33
buyer,2018-01-07 06:36:05,31
seller,2018-01-09 01:06:57,14
buyer,2018-01-09 03:05:52,30
seller,2018-01-09 03:24:01,15
seller,2018-01-09 03:54:47,13
buyer,2018-01-09 03:56:40,25
buyer,2018-01-09 04:06:05,28
buyer,2018-01-09 04:23:23,26
buyer,2018-01-09 04:33:34,21
buyer,2018-01-09 04:49:40,26
buyer,2018-01-09 04:54:08,27
buyer,2018-01-09 04:54:16,30
buyer,2018-01-09 04:59:53,31
seller,2018-01-09 05:58:35,12
buyer,2018-01-09 06:02:03,28
buyer,2018-01-09 06:25:48,32
buyer,2018-01-09 07:24:30,27
buyer,2018-01-09 07:31:29,33
buyer,2018-01-09 07:35:14,27
buyer,2018-01-09 08:00:29,33
seller,2018-01-09 08:26:32,10
buyer,2018-01-09 16:01:27,24
buyer,2018-01-09 23:38:26,28
buyer,2018-01-10 00:23:29,31
buyer,2018-01-10 01:11:55,30
buyer,2018-01-10 01:27:48,33
seller,2018-01-10 01:30:23,15
buyer,2018-01-10 02:10:44,33
buyer,2018-01-10 02:30:08,27
seller,2018-01-10 02:35:42,14
buyer,2018-01-10 02:53:31,27
buyer,2018-01-10 03:02:56,31
buyer,2018-01-10 03:18:47,24
buyer,2018-01-10 03:25:52,30
buyer,2018-01-10 03:38:07,31
seller,2018-01-10 03:42:25,14
buyer,2018-01-10 03:59:41,24
buyer,2018-01-10 04:49:01,32
seller,2018-01-10 04:56:24,13
buyer,2018-01-10 05:03:52,29
buyer,2018-01-10 05:16:14,24
buyer,2018-01-10 05:18:36,27
buyer,2018-01-10 05:54:58,22
buyer,2018-01-10 05:55:42,30
buyer,2018-01-10 06:10:18,28
seller,2018-01-10 06:12:20,18
buyer,2018-01-10 06:15:26,31
buyer,2018-01-10 06:15:46,26
buyer,2018-01-10 06:20:59,30
buyer,2018-01-10 06:25:19,33
buyer,2018-01-10 06:25:27,27
buyer,2018-01-10 06:38:00,31
buyer,2018-01-10 06:42:44,30
buyer,2018-01-10 07:48:57,26
buyer,2018-01-10 08:00:31,32
seller,2018-01-10 08:22:28,16
buyer,2018-01-10 08:27:15,22
buyer,2018-01-10 08:39:25,25
buyer,2018-01-10 10:22:54,28
buyer,2018-01-10 12:43:30,27
buyer,2018-01-10 22:27:29,30
buyer,2018-01-10 23:34:55,25
seller,2018-01-11 00:14:36,15
seller,2018-01-11 00:23:53,14
seller,2018-01-11 00:35:13,12
buyer,2018-01-11 01:05:30,29
buyer,2018-01-11 01:16:38,31
seller,2018-01-11 01:52:28,16
buyer,2018-01-11 01:56:03,30
buyer,2018-01-11 02:03:09,27
seller,2018-01-11 02:10:59,16
buyer,2018-01-11 02:15:58,28
buyer,2018-01-11 02:22:37,28
buyer,2018-01-11 02:53:00,27
seller,2018-01-11 03:00:06,14
buyer,2018-01-11 03:46:54,26
buyer,2018-01-11 03:54:26,31
seller,2018-01-11 04:25:08,12
seller,2018-01-11 04:55:44,15
seller,2018-01-11 05:09:28,16
buyer,2018-01-11 05:26:46,29
buyer,2018-01-11 05:38:44,23
seller,2018-01-11 05:47:45,15
buyer,2018-01-11 05:58:24,28
buyer,2018-01-11 06:10:47,27
buyer,2018-01-11 06:13:43,27
buyer,2018-01-11 06:35:20,26
seller,2018-01-11 06:38:22,13
buyer,2018-01-11 06:38:25,34
seller,2018-01-11 06:42:32,14
buyer,2018-01-11 06:53:39,28
seller,2018-01-11 06:57:25,13
buyer,2018-01-11 07:29:23,31
buyer,2018-01-11 07:34:11,30
buyer,2018-01-11 07:36:49,28
buyer,2018-01-11 08:11:09,25
buyer,2018-01-11 08:28:29,25
buyer,2018-01-11 08:55:39,31
buyer,2018-01-11 12:24:39,25
buyer,2018-01-11 12:42:22,27
seller,2018-01-11 13:02:45,12
buyer,2018-01-11 13:46:33,29
buyer,2018-01-11 14:39:31,32
seller,2018-01-12 00:58:11,13
seller,2018-01-12 01:07:47,16
buyer,2018-01-12 01:08:17,25
buyer,2018-01-12 01:43:50,27
buyer,2018-01-12 01:52:09,33
buyer,2018-01-12 02:39:46,27
buyer,2018-01-12 02:40:21,27
buyer,2018-01-12 02:41:59,31
buyer,2018-01-12 02:48:31,25
buyer,2018-01-12 02:55:19,33
seller,2018-01-12 03:10:35,11
buyer,2018-01-12 03:11:12,33
buyer,2018-01-12 03:15:23,27
seller,2018-01-12 03:41:58,17
buyer,2018-01-12 04:13:40,32
seller,2018-01-12 04:28:26,16
buyer,2018-01-12 05:09:41,25
buyer,2018-01-12 05:12:27,23
buyer,2018-01-12 05:15:41,29
buyer,2018-01-12 05:16:36,25
buyer,2018-01-12 05:38:09,23
buyer,2018-01-12 05:39:29,34
seller,2018-01-12 05:48:33,16
buyer,2018-01-12 05:49:13,30
seller,2018-01-12 06:17:35,18
buyer,2018-01-12 06:23:23,26
buyer,2018-01-12 06:28:25,31
buyer,2018-01-12 06:39:41,31
buyer,2018-01-12 06:50:49,27
buyer,2018-01-12 06:59:07,28
seller,2018-01-12 07:09:32,12
buyer,2018-01-12 07:17:53,30
buyer,2018-01-12 07:23:00,28
buyer,2018-01-12 07:24:37,27
seller,2018-01-12 07:26:19,16
buyer,2018-01-12 07:45:37,28
buyer,2018-01-12 08:43:09,28
buyer,2018-01-12 09:48:59,26
buyer,2018-01-12 14:44:23,29
buyer,2018-01-12 23:46:34,28
buyer,2018-01-13 00:07:52,31
buyer,2018-01-13 01:11:50,28
buyer,2018-01-13 02:09:23,29
buyer,2018-01-13 02:34:31,26
buyer,2018-01-13 03:00:25,23
seller,2018-01-13 03:08:26,15
seller,2018-01-13 03:48:24,17
buyer,2018-01-13 03:57:39,28
buyer,2018-01-13 04:08:36,29
buyer,2018-01-13 04:47:46,25
buyer,2018-01-13 05:19:18,35
buyer,2018-01-13 05:55:26,30
buyer,2018-01-13 06:08:50,30
buyer,2018-01-13 06:38:38,23
buyer,2018-01-13 06:43:26,30
seller,2018-01-13 06:43:57,15
buyer,2018-01-13 08:12:23,31
seller,2018-01-13 08:27:57,12
seller,2018-01-13 08:51:57,17
buyer,2018-01-13 09:54:02,26
buyer,2018-01-13 11:54:09,31
buyer,2018-01-13 12:03:30,31
buyer,2018-01-13 18:52:36,25
buyer,2018-01-13 23:21:37,27
buyer,2018-01-14 00:23:08,30
buyer,2018-01-14 00:57:14,28
seller,2018-01-14 01:03:52,15
buyer,2018-01-14 03:34:58,29
buyer,2018-01-14 04:28:49,29
buyer,2018-01-14 05:44:00,27
buyer,2018-01-14 06:41:32,30
buyer,2018-01-14 07:15:37,34
buyer,2018-01-14 07:53:06,26
buyer,2018-01-14 11:40:47,28
buyer,2018-01-14 12:01:48,28
buyer,2018-01-14 12:25:14,30
buyer,2018-01-14 12:58:33,25
buyer,2018-01-14 23:38:00,23
seller,2018-01-15 12:59:50,14
buyer,2018-01-15 21:37:05,30
buyer,2018-01-15 22:24:29,32
seller,2018-01-16 02:16:45,16
buyer,2018-01-16 03:41:03,31
buyer,2018-01-16 04:14:14,28
seller,2018-01-16 04:18:46,13
seller,2018-01-16 04:25:30,16
buyer,2018-01-16 04:54:04,26
buyer,2018-01-16 05:17:09,29
buyer,2018-01-16 05:34:12,31
buyer,2018-01-16 05:35:06,27
seller,2018-01-16 06:01:31,17
buyer,2018-01-16 06:09:25,32
buyer,2018-01-16 06:34:05,33
seller,2018-01-16 07:09:57,11
buyer,2018-01-16 07:51:48,29
buyer,2018-01-16 07:55:30,28
buyer,2018-01-16 08:47:33,31
buyer,2018-01-16 09:15:49,29
buyer,2018-01-16 10:01:59,28
buyer,2018-01-16 23:43:02,28
buyer,2018-01-17 01:06:09,30
buyer,2018-01-17 01:08:11,31
buyer,2018-01-17 01:28:34,30
buyer,2018-01-17 01:30:26,25
buyer,2018-01-17 01:44:05,33
buyer,2018-01-17 01:46:11,27
seller,2018-01-17 02:02:32,14
seller,2018-01-17 02:16:56,12
seller,2018-01-17 02:33:20,16
seller,2018-01-17 02:36:08,14
seller,2018-01-17 02:49:59,14
buyer,2018-01-17 02:54:28,30
buyer,2018-01-17 03:04:04,34
buyer,2018-01-17 03:44:00,26
buyer,2018-01-17 04:00:35,27
buyer,2018-01-17 04:13:52,34
buyer,2018-01-17 04:38:33,26
buyer,2018-01-17 04:55:24,36
buyer,2018-01-17 05:11:54,31
seller,2018-01-17 05:12:53,13
buyer,2018-01-17 05:51:45,28
buyer,2018-01-17 06:03:29,33
seller,2018-01-17 06:18:17,12
buyer,2018-01-17 06:21:14,31
seller,2018-01-17 06:22:39,14
buyer,2018-01-17 06:23:47,29
seller,2018-01-17 06:30:01,10
seller,2018-01-17 06:55:38,13
buyer,2018-01-17 07:02:15,25
buyer,2018-01-17 07:37:17,29
buyer,2018-01-17 07:45:04,27
buyer,2018-01-17 08:19:57,31
buyer,2018-01-17 08:25:59,29
buyer,2018-01-17 16:06:20,25
buyer,2018-01-17 23:56:40,23
seller,2018-01-18 00:16:16,16
buyer,2018-01-18 01:05:34,34
seller,2018-01-18 01:20:51,16
buyer,2018-01-18 02:02:07,24
buyer,2018-01-18 02:11:20,35
seller,2018-01-18 02:45:48,14
buyer,2018-01-18 03:00:55,27
buyer,2018-01-18 03:05:21,26
buyer,2018-01-18 03:56:14,27
buyer,2018-01-18 04:58:38,24
buyer,2018-01-18 04:58:42,27
buyer,2018-01-18 05:04:01,32
buyer,2018-01-18 05:21:11,32
seller,2018-01-18 06:06:52,13
buyer,2018-01-18 06:10:48,28
buyer,2018-01-18 06:24:28,34
buyer,2018-01-18 06:51:29,32
buyer,2018-01-18 06:53:47,32
buyer,2018-01-18 07:40:47,24
buyer,2018-01-18 07:42:14,27
buyer,2018-01-18 07:51:50,30
buyer,2018-01-18 08:13:58,29
buyer,2018-01-18 10:20:38,29
buyer,2018-01-18 13:33:44,32
buyer,2018-01-18 14:07:51,32
buyer,2018-01-19 00:08:05,22
seller,2018-01-19 00:27:34,17
seller,2018-01-19 00:42:29,15
seller,2018-01-19 01:04:20,11
buyer,2018-01-19 01:20:42,27
buyer,2018-01-19 01:40:33,29
seller,2018-01-19 02:08:27,14
buyer,2018-01-19 02:10:53,27
buyer,2018-01-19 02:17:33,26
seller,2018-01-19 02:19:43,14
seller,2018-01-19 02:23:18,15
seller,2018-01-19 02:27:05,13
buyer,2018-01-19 02:27:17,25
seller,2018-01-19 02:37:40,14
buyer,2018-01-19 03:36:42,31
buyer,2018-01-19 03:59:57,28
buyer,2018-01-19 04:52:46,25
buyer,2018-01-19 04:56:01,29
buyer,2018-01-19 05:12:55,29
seller,2018-01-19 05:21:07,12
buyer,2018-01-19 05:31:59,27
buyer,2018-01-19 05:34:37,24
buyer,2018-01-19 05:41:23,27
seller,2018-01-19 05:45:30,16
seller,2018-01-19 05:48:24,15
buyer,2018-01-19 06:31:00,24
seller,2018-01-19 07:11:28,14
seller,2018-01-19 07:49:42,13
buyer,2018-01-19 07:58:10,28
buyer,2018-01-19 08:13:26,32
seller,2018-01-19 08:33:35,15
buyer,2018-01-19 08:39:51,33
seller,2018-01-19 09:21:10,15
buyer,2018-01-19 22:10:59,28
seller,2018-01-20 00:03:05,18
buyer,2018-01-20 00:17:47,23
buyer,2018-01-20 00:56:21,32
buyer,2018-01-20 01:21:16,29
buyer,2018-01-20 01:42:56,30
seller,2018-01-20 01:50:06,19
buyer,2018-01-20 02:05:24,34
seller,2018-01-20 02:45:10,15
seller,2018-01-20 02:46:37,16
buyer,2018-01-20 03:07:28,33
seller,2018-01-20 03:27:48,16
buyer,2018-01-20 03:56:16,26
buyer,2018-01-20 04:43:13,26
buyer,2018-01-20 08:10:44,32
seller,2018-01-20 09:28:52,13
seller,2018-01-20 10:00:01,15
buyer,2018-01-20 23:18:14,24
buyer,2018-01-21 01:12:12,31
buyer,2018-01-21 03:18:35,25
buyer,2018-01-21 03:58:58,25
buyer,2018-01-21 04:34:38,28
buyer,2018-01-21 05:03:17,29
buyer,2018-01-21 05:36:18,30
buyer,2018-01-21 05:44:57,30
buyer,2018-01-21 06:23:41,31
buyer,2018-01-22 07:41:27,23
seller,2018-01-22 09:25:27,15
seller,2018-01-23 01:04:20,15
seller,2018-01-23 03:12:09,11
buyer,2018-01-23 03:28:47,34
seller,2018-01-23 03:41:35,16
seller,2018-01-23 03:59:15,16
buyer,2018-01-23 04:32:45,26
buyer,2018-01-23 04:43:46,31
buyer,2018-01-23 05:20:26,33
buyer,2018-01-23 05:25:58,26
buyer,2018-01-23 05:26:19,28
buyer,2018-01-23 05:39:32,29
buyer,2018-01-23 06:06:31,24
buyer,2018-01-23 06:17:06,33
buyer,2018-01-23 06:27:11,28
buyer,2018-01-23 06:28:18,28
buyer,2018-01-23 06:34:52,27
buyer,2018-01-23 06:42:46,26
buyer,2018-01-23 07:16:26,32
buyer,2018-01-23 08:10:39,35
buyer,2018-01-23 09:28:21,29
buyer,2018-01-23 10:01:30,32
buyer,2018-01-23 10:26:04,30
seller,2018-01-23 10:31:53,15
seller,2018-01-23 10:44:22,16
seller,2018-01-23 10:53:58,13
buyer,2018-01-23 11:31:24,31
seller,2018-01-23 12:21:50,15
buyer,2018-01-24 00:55:30,30
seller,2018-01-24 01:16:24,15
buyer,2018-01-24 01:31:02,31
buyer,2018-01-24 01:58:59,29
buyer,2018-01-24 02:29:30,27
seller,2018-01-24 02:32:34,15
seller,2018-01-24 02:33:59,15
seller,2018-01-24 02:38:46,14
seller,2018-01-24 02:59:15,15
buyer,2018-01-24 03:01:06,30
buyer,2018-01-24 03:08:35,28
buyer,2018-01-24 03:40:07,30
buyer,2018-01-24 03:47:02,26
seller,2018-01-24 04:18:23,17
buyer,2018-01-24 04:58:05,28
buyer,2018-01-24 04:59:42,25
buyer,2018-01-24 05:16:02,30
buyer,2018-01-24 05:41:21,28
buyer,2018-01-24 06:09:52,23
seller,2018-01-24 06:19:44,15
buyer,2018-01-24 06:23:36,31
seller,2018-01-24 06:25:07,13
buyer,2018-01-24 06:45:14,27
buyer,2018-01-24 06:57:02,27
buyer,2018-01-24 07:09:14,26
seller,2018-01-24 07:38:29,16
seller,2018-01-24 08:11:26,15
seller,2018-01-24 08:13:23,13
buyer,2018-01-24 10:54:44,30
buyer,2018-01-24 13:25:05,29
buyer,2018-01-24 14:08:14,33
buyer,2018-01-25 00:54:10,29
buyer,2018-01-25 01:36:05,34
seller,2018-01-25 01:40:20,10
seller,2018-01-25 01:52:15,15
seller,2018-01-25 02:30:15,17
seller,2018-01-25 02:33:40,18
buyer,2018-01-25 02:36:14,29
seller,2018-01-25 03:04:12,19
buyer,2018-01-25 03:23:03,28
seller,2018-01-25 03:33:05,17
seller,2018-01-25 03:44:43,13
buyer,2018-01-25 03:45:45,24
seller,2018-01-25 04:32:24,11
buyer,2018-01-25 04:33:23,30
seller,2018-01-25 04:34:28,14
seller,2018-01-25 04:37:01,15
seller,2018-01-25 04:39:18,13
seller,2018-01-25 04:41:15,16
seller,2018-01-25 04:43:51,15
seller,2018-01-25 04:46:11,12
buyer,2018-01-25 04:52:49,34
seller,2018-01-25 04:59:00,15
buyer,2018-01-25 05:08:38,31
seller,2018-01-25 05:19:47,15
buyer,2018-01-25 05:26:50,30
buyer,2018-01-25 05:31:42,29
seller,2018-01-25 05:35:15,14
buyer,2018-01-25 05:39:42,32
buyer,2018-01-25 05:59:33,26
buyer,2018-01-25 06:09:16,28
buyer,2018-01-25 06:13:48,29
buyer,2018-01-25 06:20:26,28
seller,2018-01-25 06:23:11,19
buyer,2018-01-25 06:24:55,28
buyer,2018-01-25 06:28:18,26
buyer,2018-01-25 06:38:41,32
buyer,2018-01-25 07:03:38,34
seller,2018-01-25 07:14:36,15
buyer,2018-01-25 07:27:08,27
buyer,2018-01-25 07:31:58,27
buyer,2018-01-25 08:04:23,32
buyer,2018-01-25 08:17:29,27
buyer,2018-01-25 08:44:20,30
seller,2018-01-25 08:49:11,14
buyer,2018-01-25 08:58:58,34
seller,2018-01-25 08:59:23,17
buyer,2018-01-25 10:26:55,28
seller,2018-01-25 10:31:59,16
buyer,2018-01-25 12:07:09,35
seller,2018-01-25 12:26:18,11
buyer,2018-01-25 15:34:15,28
seller,2018-01-26 00:25:55,14
seller,2018-01-26 01:11:12,16
seller,2018-01-26 01:11:58,16
buyer,2018-01-26 01:49:16,33
seller,2018-01-26 01:56:54,16
buyer,2018-01-26 02:03:51,27
buyer,2018-01-26 02:56:34,31
buyer,2018-01-26 03:40:44,30
seller,2018-01-26 03:42:01,17
buyer,2018-01-26 03:49:59,29
seller,2018-01-26 03:50:15,14
buyer,2018-01-26 04:03:46,28
buyer,2018-01-26 04:22:00,31
buyer,2018-01-26 04:31:37,26
buyer,2018-01-26 04:34:53,30
buyer,2018-01-26 04:42:14,33
buyer,2018-01-26 04:45:08,28
buyer,2018-01-26 04:56:42,30
seller,2018-01-26 05:19:27,14
buyer,2018-01-26 05:24:07,26
seller,2018-01-26 05:30:20,14
buyer,2018-01-26 05:31:09,27
buyer,2018-01-26 05:38:54,32
buyer,2018-01-26 06:04:55,28
buyer,2018-01-26 06:19:47,25
buyer,2018-01-26 06:35:19,31
buyer,2018-01-26 06:57:09,32
buyer,2018-01-26 07:10:18,26
seller,2018-01-26 07:37:35,14
buyer,2018-01-26 08:25:45,26
buyer,2018-01-26 09:32:01,29
buyer,2018-01-26 09:39:39,28
buyer,2018-01-26 11:28:26,31
buyer,2018-01-26 13:47:48,30
buyer,2018-01-27 00:01:06,23
seller,2018-01-27 01:20:30,15
buyer,2018-01-27 01:35:27,28
buyer,2018-01-27 01:40:12,21
seller,2018-01-27 01:56:07,15
seller,2018-01-27 01:58:51,17
seller,2018-01-27 02:11:46,19
buyer,2018-01-27 02:13:02,28
buyer,2018-01-27 02:21:15,26
buyer,2018-01-27 02:29:53,28
seller,2018-01-27 03:05:33,17
buyer,2018-01-27 03:33:01,29
buyer,2018-01-27 04:22:46,31
buyer,2018-01-27 04:23:29,29
buyer,2018-01-27 04:23:53,33
buyer,2018-01-27 04:36:44,30
buyer,2018-01-27 04:56:54,31
seller,2018-01-27 05:14:20,15
buyer,2018-01-27 05:57:03,22
buyer,2018-01-27 05:58:56,30
buyer,2018-01-27 06:04:57,27
seller,2018-01-27 06:41:38,17
buyer,2018-01-27 06:49:22,29
buyer,2018-01-27 08:08:18,31
buyer,2018-01-27 08:25:41,33
buyer,2018-01-27 08:33:25,31
buyer,2018-01-27 09:04:16,30
buyer,2018-01-27 15:57:31,26
buyer,2018-01-28 00:12:23,29
buyer,2018-01-28 01:45:44,31
buyer,2018-01-28 03:36:43,30
buyer,2018-01-28 04:02:45,27
buyer,2018-01-28 07:50:56,26
buyer,2018-01-28 12:16:48,30
buyer,2018-01-28 17:18:13,33
buyer,2018-01-28 20:56:00,28
buyer,2018-01-29 06:01:59,30
buyer,2018-01-29 08:44:00,28
buyer,2018-01-29 16:20:54,31
buyer,2018-01-29 23:25:44,23
buyer,2018-01-30 00:11:16,31
seller,2018-01-30 00:48:15,19
buyer,2018-01-30 01:43:45,30
seller,2018-01-30 02:29:29,16
buyer,2018-01-30 02:35:56,28
seller,2018-01-30 02:37:15,17
seller,2018-01-30 02:39:55,18
seller,2018-01-30 03:18:08,12
buyer,2018-01-30 03:33:08,35
buyer,2018-01-30 03:47:16,21
seller,2018-01-30 04:24:35,16
buyer,2018-01-30 05:28:58,32
seller,2018-01-30 05:47:36,15
buyer,2018-01-30 06:11:12,24
seller,2018-01-30 06:21:50,17
buyer,2018-01-30 06:52:24,30
seller,2018-01-30 06:53:43,12
buyer,2018-01-30 06:56:55,27
buyer,2018-01-30 07:01:32,27
seller,2018-01-30 07:29:01,16
buyer,2018-01-30 07:30:08,31
buyer,2018-01-30 08:22:02,31
buyer,2018-01-30 10:11:04,23
seller,2018-01-30 12:03:09,13
buyer,2018-01-30 23:41:37,31
buyer,2018-01-31 00:14:06,27
seller,2018-01-31 00:41:44,10
buyer,2018-01-31 00:41:59,31
buyer,2018-01-31 00:58:39,31
buyer,2018-01-31 01:24:24,29
buyer,2018-01-31 01:26:51,26
seller,2018-01-31 01:32:30,18
buyer,2018-01-31 02:14:23,30
seller,2018-01-31 02:46:50,18
buyer,2018-01-31 02:52:14,35
buyer,2018-01-31 03:23:44,26
buyer,2018-01-31 03:47:06,30
seller,2018-01-31 03:50:57,16
buyer,2018-01-31 04:02:31,29
buyer,2018-01-31 04:11:35,26
buyer,2018-01-31 04:27:33,27
seller,2018-01-31 04:38:08,16
buyer,2018-01-31 04:47:23,28
buyer,2018-01-31 04:50:58,26
buyer,2018-01-31 04:55:24,28
buyer,2018-01-31 05:04:06,28
buyer,2018-01-31 05:24:26,24
buyer,2018-01-31 05:28:18,33
buyer,2018-01-31 05:34:51,31
buyer,2018-01-31 06:00:43,28
buyer,2018-01-31 06:00:50,24
buyer,2018-01-31 06:07:41,24
buyer,2018-01-31 06:39:49,25
buyer,2018-01-31 06:51:59,30
buyer,2018-01-31 07:03:19,33
buyer,2018-01-31 07:09:34,26
buyer,2018-01-31 07:14:09,29
buyer,2018-01-31 07:42:46,31
buyer,2018-01-31 07:43:31,28
buyer,2018-01-31 08:05:15,31
buyer,2018-01-31 08:34:22,30
buyer,2018-01-31 10:59:41,37
buyer,2018-01-31 11:07:51,32
buyer,2018-01-31 14:22:13,28
buyer,2018-01-31 22:34:07,34
buyer,2018-02-01 00:50:48,27
seller,2018-02-01 00:53:19,18
seller,2018-02-01 00:55:22,18
buyer,2018-02-01 01:10:29,26
seller,2018-02-01 01:36:55,15
seller,2018-02-01 01:41:49,17
seller,2018-02-01 01:45:26,14
buyer,2018-02-01 01:52:04,22
buyer,2018-02-01 01:54:15,25
buyer,2018-02-01 02:09:03,26
buyer,2018-02-01 02:23:17,26
buyer,2018-02-01 02:26:30,24
buyer,2018-02-01 02:34:20,22
seller,2018-02-01 02:38:26,16
buyer,2018-02-01 02:51:12,25
buyer,2018-02-01 02:56:23,28
buyer,2018-02-01 03:07:37,27
buyer,2018-02-01 03:23:09,31
buyer,2018-02-01 03:31:35,26
buyer,2018-02-01 03:43:14,21
buyer,2018-02-01 03:57:16,23
seller,2018-02-01 04:21:16,12
buyer,2018-02-01 04:30:41,28
seller,2018-02-01 04:45:29,15
seller,2018-02-01 04:49:48,17
buyer,2018-02-01 04:58:25,26
buyer,2018-02-01 05:20:28,28
buyer,2018-02-01 05:45:21,29
buyer,2018-02-01 06:27:59,28
seller,2018-02-01 06:35:17,15
buyer,2018-02-01 06:43:59,29
buyer,2018-02-01 06:56:28,23
buyer,2018-02-01 07:09:32,25
buyer,2018-02-01 07:10:28,27
seller,2018-02-01 07:23:09,15
seller,2018-02-01 07:25:44,16
buyer,2018-02-01 07:30:43,24
buyer,2018-02-01 08:43:30,27
buyer,2018-02-01 08:50:50,27
buyer,2018-02-01 12:25:33,24
buyer,2018-02-01 12:34:29,28
buyer,2018-02-01 13:09:21,24
buyer,2018-02-02 00:56:52,23
seller,2018-02-02 01:28:03,9
buyer,2018-02-02 01:48:40,26
seller,2018-02-02 02:08:55,14
seller,2018-02-02 02:09:03,21
buyer,2018-02-02 02:10:16,29
seller,2018-02-02 02:12:03,11
buyer,2018-02-02 02:16:41,28
seller,2018-02-02 02:16:56,17
seller,2018-02-02 02:23:32,17
buyer,2018-02-02 02:31:47,26
seller,2018-02-02 02:37:30,15
seller,2018-02-02 04:17:08,17
buyer,2018-02-02 04:20:32,27
buyer,2018-02-02 04:56:12,20
buyer,2018-02-02 05:06:44,24
seller,2018-02-02 05:42:28,15
seller,2018-02-02 06:02:27,12
buyer,2018-02-02 07:27:26,25
seller,2018-02-02 07:52:43,11
buyer,2018-02-02 07:56:02,24
buyer,2018-02-02 08:38:16,26
buyer,2018-02-02 13:41:41,22
buyer,2018-02-02 21:19:54,24
seller,2018-02-03 00:22:06,17
seller,2018-02-03 00:37:28,14
seller,2018-02-03 00:41:42,18
seller,2018-02-03 00:46:42,12
buyer,2018-02-03 00:48:12,21
seller,2018-02-03 00:53:08,15
seller,2018-02-03 00:58:56,17
seller,2018-02-03 01:03:02,15
buyer,2018-02-03 01:05:49,20
seller,2018-02-03 01:07:24,15
seller,2018-02-03 01:12:02,15
seller,2018-02-03 01:17:32,15
seller,2018-02-03 01:18:10,17
seller,2018-02-03 01:21:31,17
seller,2018-02-03 01:37:56,14
seller,2018-02-03 02:07:16,13
buyer,2018-02-03 02:40:03,23
buyer,2018-02-03 03:21:13,24
seller,2018-02-03 03:44:07,15
seller,2018-02-03 04:07:08,16
buyer,2018-02-03 04:30:40,28
buyer,2018-02-03 04:32:14,29
buyer,2018-02-03 04:35:14,27
buyer,2018-02-03 04:46:57,22
buyer,2018-02-03 06:00:16,29
buyer,2018-02-03 06:43:33,22
buyer,2018-02-03 06:48:22,27
buyer,2018-02-03 13:26:18,25
buyer,2018-02-04 01:08:16,29
buyer,2018-02-04 01:40:47,28
buyer,2018-02-04 02:44:18,30
buyer,2018-02-04 03:08:35,24
buyer,2018-02-04 03:55:58,26
buyer,2018-02-04 05:47:26,26
seller,2018-02-04 05:49:41,17
buyer,2018-02-04 06:22:26,27
buyer,2018-02-04 06:22:44,21
seller,2018-02-04 07:22:32,14
buyer,2018-02-05 07:30:06,25
buyer,2018-02-05 08:30:58,20
buyer,2018-02-05 10:10:04,24
seller,2018-02-06 01:26:58,18
seller,2018-02-06 01:47:43,16
seller,2018-02-06 01:59:47,20
seller,2018-02-06 02:12:10,18
seller,2018-02-06 03:07:28,15
buyer,2018-02-06 03:11:33,27
buyer,2018-02-06 03:58:21,23
seller,2018-02-06 04:05:48,20
seller,2018-02-06 04:34:20,16
seller,2018-02-06 05:18:20,15
seller,2018-02-06 05:19:41,16
buyer,2018-02-06 05:32:56,27
buyer,2018-02-06 05:37:53,32
buyer,2018-02-06 05:40:33,25
seller,2018-02-06 05:42:20,15
seller,2018-02-06 05:59:49,15
seller,2018-02-06 06:18:17,17
buyer,2018-02-06 06:34:00,28
buyer,2018-02-06 07:07:43,27
buyer,2018-02-06 07:16:33,28
buyer,2018-02-06 09:00:06,23
buyer,2018-02-06 10:49:25,27
buyer,2018-02-06 11:12:17,23
seller,2018-02-06 11:36:10,14
seller,2018-02-06 11:55:07,18
buyer,2018-02-06 21:09:03,20
buyer,2018-02-07 00:38:22,24
buyer,2018-02-07 01:10:25,28
buyer,2018-02-07 02:10:06,28
seller,2018-02-07 02:48:22,15
buyer,2018-02-07 03:08:34,31
buyer,2018-02-07 03:14:21,30
seller,2018-02-07 03:33:10,18
buyer,2018-02-07 03:42:00,29
buyer,2018-02-07 03:58:20,31
seller,2018-02-07 04:29:58,16
seller,2018-02-07 04:47:33,13
seller,2018-02-07 04:48:08,15
buyer,2018-02-07 04:50:52,27
buyer,2018-02-07 05:25:28,30
seller,2018-02-07 05:33:54,15
buyer,2018-02-07 05:38:39,28
buyer,2018-02-07 06:06:27,30
buyer,2018-02-07 06:13:00,30
seller,2018-02-07 06:33:28,15
buyer,2018-02-07 06:34:59,29
buyer,2018-02-07 06:41:54,26
seller,2018-02-07 06:45:41,13
seller,2018-02-07 06:59:22,17
seller,2018-02-07 07:00:51,11
seller,2018-02-07 07:43:02,16
buyer,2018-02-07 08:23:16,24
buyer,2018-02-07 08:34:13,31
buyer,2018-02-07 09:23:13,25
seller,2018-02-07 11:34:15,14
buyer,2018-02-07 12:47:39,20
buyer,2018-02-07 13:08:41,26
buyer,2018-02-07 14:07:30,26
buyer,2018-02-07 23:10:31,23
seller,2018-02-07 23:46:36,16
seller,2018-02-08 00:38:20,18
seller,2018-02-08 00:50:35,14
seller,2018-02-08 01:06:47,15
seller,2018-02-08 01:30:44,12
buyer,2018-02-08 01:32:05,23
buyer,2018-02-08 01:50:52,28
buyer,2018-02-08 02:06:29,16
buyer,2018-02-08 02:10:09,19
buyer,2018-02-08 02:29:51,23
seller,2018-02-08 02:53:08,15
buyer,2018-02-08 02:54:10,25
buyer,2018-02-08 03:01:29,25
buyer,2018-02-08 03:45:00,27
buyer,2018-02-08 03:56:11,29
buyer,2018-02-08 04:11:54,31
buyer,2018-02-08 04:13:58,27
buyer,2018-02-08 04:48:28,21
buyer,2018-02-08 04:51:34,28
seller,2018-02-08 05:02:01,19
buyer,2018-02-08 06:10:35,24
seller,2018-02-08 06:25:14,16
buyer,2018-02-08 06:44:11,23
buyer,2018-02-08 06:49:09,24
buyer,2018-02-08 07:08:53,33
buyer,2018-02-08 07:24:17,27
buyer,2018-02-08 07:39:24,28
buyer,2018-02-08 07:50:03,27
seller,2018-02-08 08:19:32,16
seller,2018-02-08 08:55:02,13
buyer,2018-02-08 11:23:31,23
buyer,2018-02-08 12:26:44,26
buyer,2018-02-08 18:18:43,21
seller,2018-02-08 22:47:39,16
buyer,2018-02-09 01:07:11,25
seller,2018-02-09 01:37:57,16
buyer,2018-02-09 02:02:22,30
buyer,2018-02-09 02:06:30,22
seller,2018-02-09 02:21:15,15
buyer,2018-02-09 02:34:21,23
seller,2018-02-09 03:06:52,16
buyer,2018-02-09 03:17:08,27
seller,2018-02-09 03:21:18,14
buyer,2018-02-09 03:59:28,26
buyer,2018-02-09 04:17:23,22
seller,2018-02-09 05:25:04,16
buyer,2018-02-09 06:11:37,24
seller,2018-02-09 06:41:28,16
buyer,2018-02-09 06:47:13,21
buyer,2018-02-09 07:26:13,26
buyer,2018-02-09 07:28:40,21
buyer,2018-02-09 07:53:17,26
seller,2018-02-09 08:14:59,12
buyer,2018-02-09 11:05:09,22
buyer,2018-02-09 11:47:46,29
buyer,2018-02-10 00:35:58,28
buyer,2018-02-10 00:39:50,24
buyer,2018-02-10 01:33:03,22
seller,2018-02-10 01:54:27,17
buyer,2018-02-10 02:07:56,24
buyer,2018-02-10 02:24:28,30
buyer,2018-02-10 03:26:05,25
buyer,2018-02-10 03:58:40,27
buyer,2018-02-10 04:05:00,27
seller,2018-02-10 04:27:31,17
seller,2018-02-10 04:58:17,16
seller,2018-02-10 04:58:23,16
buyer,2018-02-10 05:13:03,23
seller,2018-02-10 05:14:05,14
buyer,2018-02-10 05:19:18,27
buyer,2018-02-10 05:24:30,27
seller,2018-02-10 05:37:28,18
buyer,2018-02-10 05:39:02,30
seller,2018-02-10 05:48:47,12
seller,2018-02-10 06:19:50,18
buyer,2018-02-10 06:30:26,23
buyer,2018-02-10 07:35:06,25
buyer,2018-02-10 07:57:25,20
seller,2018-02-10 08:27:06,17
buyer,2018-02-10 09:06:32,25
buyer,2018-02-10 13:47:45,27
buyer,2018-02-10 21:28:47,29
buyer,2018-02-11 00:44:46,23
buyer,2018-02-11 01:55:36,30
seller,2018-02-11 04:56:21,21
buyer,2018-02-11 05:37:13,29
buyer,2018-02-11 07:55:18,24
seller,2018-02-11 12:12:27,16
buyer,2018-02-11 17:45:54,21
seller,2018-02-11 23:41:14,15
buyer,2018-02-12 03:05:30,18
buyer,2018-02-12 03:22:39,23
buyer,2018-02-12 03:35:55,24
buyer,2018-02-12 04:21:01,25
buyer,2018-02-12 14:13:15,23
buyer,2018-02-13 00:45:27,30
seller,2018-02-13 00:46:13,14
buyer,2018-02-13 01:01:30,28
seller,2018-02-13 01:35:21,17
seller,2018-02-13 01:50:51,16
buyer,2018-02-13 02:03:38,30
buyer,2018-02-13 02:41:48,28
seller,2018-02-13 02:55:04,16
seller,2018-02-13 02:55:33,17
buyer,2018-02-13 03:20:26,23
buyer,2018-02-13 03:57:39,25
buyer,2018-02-13 04:03:24,27
seller,2018-02-13 04:20:58,17
buyer,2018-02-13 04:34:29,25
seller,2018-02-13 04:57:45,15
seller,2018-02-13 05:38:41,15
seller,2018-02-13 06:24:15,15
buyer,2018-02-13 06:50:19,26
seller,2018-02-13 07:16:38,19
buyer,2018-02-13 07:35:08,25
seller,2018-02-13 07:45:03,15
seller,2018-02-13 08:01:14,16
seller,2018-02-13 08:05:57,14
buyer,2018-02-13 08:24:08,22
buyer,2018-02-13 09:41:17,31
buyer,2018-02-13 10:12:12,35
buyer,2018-02-13 10:55:18,27
buyer,2018-02-13 21:56:54,28
buyer,2018-02-13 23:51:08,27
buyer,2018-02-14 00:31:10,29
seller,2018-02-14 00:53:45,16
buyer,2018-02-14 01:14:16,27
seller,2018-02-14 01:24:20,15
seller,2018-02-14 01:36:06,16
buyer,2018-02-14 01:38:25,23
seller,2018-02-14 02:04:18,14
buyer,2018-02-14 02:15:23,21
buyer,2018-02-14 02:20:07,30
buyer,2018-02-14 02:43:16,25
buyer,2018-02-14 02:46:12,32
buyer,2018-02-14 03:06:14,26
seller,2018-02-14 03:12:47,18
seller,2018-02-14 03:21:10,15
buyer,2018-02-14 03:22:14,25
buyer,2018-02-14 03:26:22,24
buyer,2018-02-14 03:56:49,22
buyer,2018-02-14 04:07:27,34
buyer,2018-02-14 04:42:26,32
buyer,2018-02-14 04:45:06,26
seller,2018-02-14 04:46:21,14
buyer,2018-02-14 04:49:20,24
buyer,2018-02-14 05:15:51,21
seller,2018-02-14 05:24:16,18
buyer,2018-02-14 05:29:28,27
buyer,2018-02-14 05:31:42,26
buyer,2018-02-14 06:00:49,28
seller,2018-02-14 06:34:44,15
buyer,2018-02-14 06:36:04,26
buyer,2018-02-14 06:42:22,22
buyer,2018-02-14 07:15:30,28
buyer,2018-02-14 08:11:28,27
buyer,2018-02-14 08:55:29,23
buyer,2018-02-14 10:11:09,27
buyer,2018-02-14 11:07:18,23
buyer,2018-02-14 11:43:11,23
buyer,2018-02-14 11:49:46,28
buyer,2018-02-14 12:09:15,28
buyer,2018-02-14 12:45:13,24
buyer,2018-02-14 12:46:41,22
buyer,2018-02-15 01:01:11,28
seller,2018-02-15 01:11:39,17
buyer,2018-02-15 01:38:14,24
seller,2018-02-15 01:47:32,15
seller,2018-02-15 01:57:59,12
seller,2018-02-15 02:22:03,18
buyer,2018-02-15 02:28:16,26
buyer,2018-02-15 02:38:16,23
seller,2018-02-15 02:59:23,12
buyer,2018-02-15 03:01:32,27
buyer,2018-02-15 04:12:20,27
buyer,2018-02-15 04:20:38,29
buyer,2018-02-15 04:33:59,24
seller,2018-02-15 04:52:09,15
seller,2018-02-15 05:22:36,13
buyer,2018-02-15 05:38:53,24
buyer,2018-02-15 05:45:30,30
buyer,2018-02-15 06:08:18,28
seller,2018-02-15 06:11:51,13
seller,2018-02-15 06:14:18,17
seller,2018-02-15 06:15:15,16
seller,2018-02-15 06:24:42,17
buyer,2018-02-15 06:47:30,22
seller,2018-02-15 07:10:01,18
buyer,2018-02-15 08:01:28,23
seller,2018-02-15 08:13:13,17
seller,2018-02-15 08:36:20,16
buyer,2018-02-15 08:50:22,27
buyer,2018-02-15 12:30:48,22
seller,2018-02-15 23:08:49,17
buyer,2018-02-15 23:24:01,31
buyer,2018-02-16 01:05:43,22
buyer,2018-02-16 01:07:36,25
buyer,2018-02-16 01:12:01,28
seller,2018-02-16 01:15:22,16
seller,2018-02-16 02:06:06,13
seller,2018-02-16 02:15:28,14
seller,2018-02-16 02:20:47,12
buyer,2018-02-16 02:27:12,29
buyer,2018-02-16 02:31:39,28
buyer,2018-02-16 02:53:54,28
buyer,2018-02-16 02:55:14,26
buyer,2018-02-16 03:03:07,26
buyer,2018-02-16 03:19:51,28
buyer,2018-02-16 03:21:47,26
buyer,2018-02-16 03:23:48,21
buyer,2018-02-16 03:28:30,27
buyer,2018-02-16 03:42:43,32
buyer,2018-02-16 03:42:49,27
buyer,2018-02-16 04:01:15,30
seller,2018-02-16 04:14:41,16
buyer,2018-02-16 04:23:29,25
buyer,2018-02-16 04:26:14,23
buyer,2018-02-16 04:34:10,25
buyer,2018-02-16 04:47:53,27
buyer,2018-02-16 04:53:41,26
buyer,2018-02-16 05:06:10,28
buyer,2018-02-16 05:23:43,25
buyer,2018-02-16 05:38:44,20
seller,2018-02-16 05:39:53,16
buyer,2018-02-16 05:46:12,24
buyer,2018-02-16 05:48:02,25
seller,2018-02-16 06:23:27,15
buyer,2018-02-16 06:36:17,26
buyer,2018-02-16 07:03:03,26
buyer,2018-02-16 07:21:09,29
buyer,2018-02-16 07:21:21,26
buyer,2018-02-16 07:49:05,26
buyer,2018-02-16 08:08:34,29
buyer,2018-02-16 10:03:12,25
buyer,2018-02-16 13:41:42,25
buyer,2018-02-17 00:14:42,26
seller,2018-02-17 02:34:37,15
seller,2018-02-17 02:37:51,15
seller,2018-02-17 02:39:49,13
seller,2018-02-17 02:45:01,14
buyer,2018-02-17 02:47:09,22
buyer,2018-02-17 02:52:48,22
buyer,2018-02-17 02:59:19,27
seller,2018-02-17 03:00:51,14
seller,2018-02-17 03:05:16,15
buyer,2018-02-17 03:06:29,26
seller,2018-02-17 03:12:35,18
seller,2018-02-17 03:18:41,13
seller,2018-02-17 03:22:40,16
seller,2018-02-17 03:26:14,18
seller,2018-02-17 03:30:45,18
seller,2018-02-17 03:36:28,16
buyer,2018-02-17 04:11:09,29
seller,2018-02-17 04:30:10,14
seller,2018-02-17 04:34:35,14
buyer,2018-02-17 04:57:44,23
buyer,2018-02-17 06:09:49,22
buyer,2018-02-17 06:18:38,23
seller,2018-02-17 06:39:09,17
buyer,2018-02-17 07:13:34,27
buyer,2018-02-17 07:42:08,24
seller,2018-02-17 09:25:26,18
buyer,2018-02-17 11:19:13,22
buyer,2018-02-17 13:21:36,30
buyer,2018-02-18 00:52:03,31
buyer,2018-02-18 01:11:05,22
buyer,2018-02-18 04:58:57,28
buyer,2018-02-18 06:29:37,24
buyer,2018-02-18 12:09:21,24
buyer,2018-02-18 14:03:17,25
buyer,2018-02-19 05:06:46,28
buyer,2018-02-19 11:51:47,23
seller,2018-02-20 00:41:13,19
seller,2018-02-20 01:57:59,15
seller,2018-02-20 02:15:05,15
seller,2018-02-20 02:19:39,15
buyer,2018-02-20 03:44:03,27
buyer,2018-02-20 04:33:36,28
seller,2018-02-20 04:53:58,17
seller,2018-02-20 05:07:31,15
buyer,2018-02-20 05:12:31,25
buyer,2018-02-20 05:38:03,25
buyer,2018-02-20 05:47:09,23
seller,2018-02-20 05:52:12,16
buyer,2018-02-20 06:10:29,21
buyer,2018-02-20 06:44:44,28
buyer,2018-02-20 06:51:48,26
seller,2018-02-20 06:53:41,16
seller,2018-02-20 07:20:04,13
buyer,2018-02-20 07:26:09,22
buyer,2018-02-20 07:50:07,23
buyer,2018-02-20 07:54:59,26
seller,2018-02-20 08:07:26,13
buyer,2018-02-20 12:55:59,22
seller,2018-02-20 13:39:59,17
buyer,2018-02-20 23:07:16,21
buyer,2018-02-20 23:10:18,21
buyer,2018-02-21 00:13:57,26
buyer,2018-02-21 00:37:04,27
buyer,2018-02-21 00:41:01,21
buyer,2018-02-21 00:43:56,31
buyer,2018-02-21 00:47:59,34
buyer,2018-02-21 01:03:54,34
seller,2018-02-21 01:48:06,13
seller,2018-02-21 02:14:11,17
buyer,2018-02-21 02:25:24,25
buyer,2018-02-21 02:42:43,22
seller,2018-02-21 02:51:44,18
buyer,2018-02-21 03:05:29,28
buyer,2018-02-21 03:06:42,23
seller,2018-02-21 03:08:57,19
seller,2018-02-21 03:23:50,15
seller,2018-02-21 03:44:30,15
buyer,2018-02-21 03:48:24,27
buyer,2018-02-21 03:56:14,17
buyer,2018-02-21 04:03:19,27
seller,2018-02-21 04:24:44,16
seller,2018-02-21 04:39:12,21
buyer,2018-02-21 04:41:24,24
buyer,2018-02-21 05:12:14,20
buyer,2018-02-21 05:21:09,24
buyer,2018-02-21 05:22:46,22
seller,2018-02-21 05:40:19,17
buyer,2018-02-21 06:05:40,21
buyer,2018-02-21 06:41:14,30
buyer,2018-02-21 06:42:46,20
buyer,2018-02-21 06:42:49,28
buyer,2018-02-21 06:48:00,26
buyer,2018-02-21 06:50:48,26
buyer,2018-02-21 06:54:56,28
buyer,2018-02-21 06:58:47,24
buyer,2018-02-21 07:07:28,25
buyer,2018-02-21 07:09:37,23
buyer,2018-02-21 07:28:33,24
seller,2018-02-21 07:53:35,16
buyer,2018-02-21 08:21:09,32
buyer,2018-02-21 08:42:48,24
buyer,2018-02-21 08:55:30,29
buyer,2018-02-21 09:56:18,24
seller,2018-02-21 11:23:15,16
buyer,2018-02-21 14:21:13,24
seller,2018-02-21 15:00:20,19
buyer,2018-02-21 23:47:16,25
seller,2018-02-22 01:16:21,15
buyer,2018-02-22 01:30:20,29
buyer,2018-02-22 01:30:57,27
buyer,2018-02-22 01:33:10,28
buyer,2018-02-22 01:39:04,26
buyer,2018-02-22 02:01:43,28
buyer,2018-02-22 02:21:18,27
buyer,2018-02-22 02:29:22,31
buyer,2018-02-22 02:32:18,27
buyer,2018-02-22 02:36:41,24
buyer,2018-02-22 02:40:47,29
buyer,2018-02-22 02:49:04,31
buyer,2018-02-22 02:49:15,26
buyer,2018-02-22 02:50:07,29
buyer,2018-02-22 03:05:35,29
buyer,2018-02-22 03:07:46,25
seller,2018-02-22 03:19:23,17
seller,2018-02-22 03:36:50,18
buyer,2018-02-22 04:32:58,24
buyer,2018-02-22 04:39:33,22
buyer,2018-02-22 05:02:10,24
buyer,2018-02-22 05:12:49,26
buyer,2018-02-22 05:26:22,29
seller,2018-02-22 05:33:43,18
buyer,2018-02-22 06:02:55,23
buyer,2018-02-22 06:04:35,30
buyer,2018-02-22 06:10:32,19
buyer,2018-02-22 06:12:03,23
buyer,2018-02-22 06:27:35,26
buyer,2018-02-22 06:33:13,27
seller,2018-02-22 06:44:04,17
buyer,2018-02-22 06:59:15,22
seller,2018-02-22 07:01:43,17
buyer,2018-02-22 07:09:10,20
buyer,2018-02-22 07:38:49,31
buyer,2018-02-22 08:07:14,26
seller,2018-02-22 09:50:04,19
buyer,2018-02-22 10:00:48,24
seller,2018-02-22 12:05:58,19
buyer,2018-02-22 13:08:38,26
buyer,2018-02-22 14:13:03,28
buyer,2018-02-23 00:24:12,29
buyer,2018-02-23 00:26:58,28
buyer,2018-02-23 01:05:45,25
seller,2018-02-23 01:26:32,14
seller,2018-02-23 01:28:01,13
buyer,2018-02-23 01:28:31,23
seller,2018-02-23 01:32:49,19
buyer,2018-02-23 01:40:54,23
buyer,2018-02-23 01:42:29,21
seller,2018-02-23 02:16:58,12
seller,2018-02-23 02:26:25,20
buyer,2018-02-23 03:06:44,30
seller,2018-02-23 03:07:00,17
buyer,2018-02-23 03:19:06,22
buyer,2018-02-23 03:26:07,24
buyer,2018-02-23 03:33:15,21
buyer,2018-02-23 03:45:34,26
seller,2018-02-23 04:21:53,14
seller,2018-02-23 04:30:38,12
buyer,2018-02-23 04:30:47,24
buyer,2018-02-23 04:54:04,28
buyer,2018-02-23 05:20:03,30
seller,2018-02-23 05:24:54,16
buyer,2018-02-23 05:46:25,26
buyer,2018-02-23 06:03:09,30
buyer,2018-02-23 06:04:47,26
buyer,2018-02-23 06:11:24,23
seller,2018-02-23 06:12:52,14
buyer,2018-02-23 06:18:34,30
buyer,2018-02-23 06:27:02,26
seller,2018-02-23 07:03:28,20
buyer,2018-02-23 07:57:10,25
buyer,2018-02-23 09:48:54,28
buyer,2018-02-23 10:50:37,24
buyer,2018-02-23 11:58:52,26
buyer,2018-02-23 19:37:34,31
seller,2018-02-24 01:09:06,16
buyer,2018-02-24 01:13:39,26
seller,2018-02-24 01:54:15,13
seller,2018-02-24 02:01:19,14
buyer,2018-02-24 02:12:25,28
seller,2018-02-24 02:41:43,14
seller,2018-02-24 02:59:14,17
seller,2018-02-24 03:19:04,16
buyer,2018-02-24 03:39:32,25
buyer,2018-02-24 03:40:20,24
seller,2018-02-24 04:59:05,11
buyer,2018-02-24 05:32:15,30
buyer,2018-02-24 05:33:32,26
buyer,2018-02-24 05:49:20,29
buyer,2018-02-24 05:57:52,29
buyer,2018-02-24 06:09:15,26
buyer,2018-02-24 06:32:40,25
buyer,2018-02-24 06:34:51,20
seller,2018-02-24 07:40:18,12
buyer,2018-02-24 07:41:58,23
buyer,2018-02-24 08:28:50,28
buyer,2018-02-24 23:04:58,27
buyer,2018-02-24 23:32:08,26
buyer,2018-02-25 01:29:47,24
buyer,2018-02-25 02:15:02,24
buyer,2018-02-25 03:40:17,30
buyer,2018-02-25 04:15:30,24
buyer,2018-02-25 04:31:58,24
buyer,2018-02-25 07:42:10,29
buyer,2018-02-25 14:38:03,25
buyer,2018-02-25 19:25:38,25
buyer,2018-02-26 11:09:33,28
buyer,2018-02-26 11:13:46,24
buyer,2018-02-27 00:01:22,30
seller,2018-02-27 01:05:10,15
buyer,2018-02-27 02:34:14,26
buyer,2018-02-27 04:13:11,23
buyer,2018-02-27 04:16:45,22
seller,2018-02-27 04:25:46,17
seller,2018-02-27 04:34:43,13
buyer,2018-02-27 05:20:33,27
buyer,2018-02-27 05:28:01,23
buyer,2018-02-27 05:52:57,29
buyer,2018-02-27 05:56:28,29
buyer,2018-02-27 06:44:55,29
buyer,2018-02-27 06:59:11,26
buyer,2018-02-27 07:00:24,30
seller,2018-02-27 07:11:10,18
buyer,2018-02-27 07:32:17,27
seller,2018-02-27 07:35:21,10
seller,2018-02-27 07:38:04,14
seller,2018-02-27 08:15:55,17
seller,2018-02-27 08:25:03,15
seller,2018-02-27 08:26:45,12
seller,2018-02-27 08:30:38,15
seller,2018-02-27 08:48:29,15
seller,2018-02-27 08:57:34,12
seller,2018-02-27 09:03:15,19
buyer,2018-02-27 10:44:26,30
buyer,2018-02-27 11:33:57,27
seller,2018-02-27 14:47:15,14
seller,2018-02-28 01:01:08,15
seller,2018-02-28 01:11:15,14
buyer,2018-02-28 01:21:28,21
buyer,2018-02-28 02:08:12,22
buyer,2018-02-28 02:18:19,26
buyer,2018-02-28 03:00:20,33
buyer,2018-02-28 03:00:36,31
buyer,2018-02-28 03:07:33,23
seller,2018-02-28 03:10:23,17
seller,2018-02-28 03:18:15,14
seller,2018-02-28 04:18:42,13
buyer,2018-02-28 05:05:54,25
buyer,2018-02-28 05:15:50,28
buyer,2018-02-28 05:17:42,33
buyer,2018-02-28 05:18:39,27
seller,2018-02-28 05:35:05,14
buyer,2018-02-28 05:45:21,28
buyer,2018-02-28 06:04:18,24
buyer,2018-02-28 06:13:02,28
buyer,2018-02-28 06:23:24,28
seller,2018-02-28 06:23:52,16
buyer,2018-02-28 06:26:03,27
buyer,2018-02-28 06:40:01,18
buyer,2018-02-28 06:45:50,29
buyer,2018-02-28 06:46:54,21
seller,2018-02-28 06:54:38,18
seller,2018-02-28 06:57:49,15
buyer,2018-02-28 07:16:51,22
buyer,2018-02-28 07:28:24,30
buyer,2018-02-28 08:04:46,27
buyer,2018-02-28 08:15:52,29
buyer,2018-02-28 08:33:07,21
buyer,2018-02-28 08:48:12,24
seller,2018-02-28 09:10:04,15
seller,2018-02-28 12:15:59,17
seller,2018-02-28 13:16:21,16
seller,2018-02-28 14:40:06,14
seller,2018-02-28 15:03:43,15
seller,2018-02-28 15:55:48,12
seller,2018-02-28 16:08:02,17
seller,2018-02-28 16:26:20,16
buyer,2018-02-28 22:48:12,30
seller,2018-03-01 00:40:21,12
buyer,2018-03-01 01:23:38,26
buyer,2018-03-01 01:40:10,23
buyer,2018-03-01 01:56:20,29
buyer,2018-03-01 02:06:05,25
buyer,2018-03-01 02:16:11,26
buyer,2018-03-01 02:20:53,29
buyer,2018-03-01 02:25:28,24
buyer,2018-03-01 02:29:06,25
buyer,2018-03-01 02:45:03,26
buyer,2018-03-01 02:46:14,30
buyer,2018-03-01 03:07:32,30
buyer,2018-03-01 03:08:59,24
buyer,2018-03-01 03:11:28,24
seller,2018-03-01 03:19:03,14
buyer,2018-03-01 03:39:28,34
buyer,2018-03-01 03:41:56,23
buyer,2018-03-01 04:10:02,24
seller,2018-03-01 04:18:21,14
buyer,2018-03-01 05:13:03,23
buyer,2018-03-01 05:13:25,25
buyer,2018-03-01 05:13:45,25
buyer,2018-03-01 05:17:02,25
buyer,2018-03-01 05:34:37,29
buyer,2018-03-01 05:44:17,20
buyer,2018-03-01 05:49:16,23
seller,2018-03-01 05:56:32,17
buyer,2018-03-01 05:56:41,21
buyer,2018-03-01 05:57:03,26
buyer,2018-03-01 06:02:04,23
buyer,2018-03-01 06:06:10,25
buyer,2018-03-01 06:25:19,22
buyer,2018-03-01 07:10:42,26
buyer,2018-03-01 07:28:09,25
buyer,2018-03-01 07:29:32,28
buyer,2018-03-01 07:54:48,31
buyer,2018-03-01 08:09:09,29
buyer,2018-03-01 08:20:29,24
buyer,2018-03-01 08:29:27,26
seller,2018-03-01 09:25:16,18
buyer,2018-03-01 10:36:25,20
buyer,2018-03-01 22:35:03,27
buyer,2018-03-02 01:07:49,18
buyer,2018-03-02 01:27:47,21
buyer,2018-03-02 01:34:44,27
buyer,2018-03-02 02:05:04,23
seller,2018-03-02 02:06:38,18
buyer,2018-03-02 02:07:50,25
buyer,2018-03-02 02:08:22,24
buyer,2018-03-02 02:08:47,26
buyer,2018-03-02 02:10:13,24
seller,2018-03-02 02:37:00,16
buyer,2018-03-02 02:54:12,22
buyer,2018-03-02 02:55:05,25
seller,2018-03-02 03:00:56,16
buyer,2018-03-02 03:21:55,26
buyer,2018-03-02 03:22:30,32
buyer,2018-03-02 03:27:15,30
buyer,2018-03-02 03:36:15,24
buyer,2018-03-02 03:38:04,29
buyer,2018-03-02 03:46:23,27
buyer,2018-03-02 03:52:29,20
buyer,2018-03-02 04:01:58,22
buyer,2018-03-02 04:08:51,24
buyer,2018-03-02 04:19:46,25
seller,2018-03-02 04:27:55,15
buyer,2018-03-02 04:28:27,21
buyer,2018-03-02 04:53:56,28
buyer,2018-03-02 05:00:30,24
buyer,2018-03-02 05:05:08,26
buyer,2018-03-02 05:06:10,23
buyer,2018-03-02 05:11:31,24
buyer,2018-03-02 05:12:24,26
buyer,2018-03-02 05:14:59,23
buyer,2018-03-02 05:18:27,26
buyer,2018-03-02 05:42:00,23
buyer,2018-03-02 06:07:09,28
seller,2018-03-02 06:14:27,14
buyer,2018-03-02 06:26:54,26
buyer,2018-03-02 06:29:29,26
seller,2018-03-02 06:48:23,17
seller,2018-03-02 07:07:59,15
buyer,2018-03-02 07:23:39,20
buyer,2018-03-02 07:52:03,26
buyer,2018-03-02 09:14:23,23
buyer,2018-03-02 09:18:43,29
buyer,2018-03-02 10:12:07,24
buyer,2018-03-02 23:35:22,23
seller,2018-03-03 01:23:13,11
seller,2018-03-03 02:33:41,13
buyer,2018-03-03 02:36:57,26
seller,2018-03-03 02:42:40,14
buyer,2018-03-03 02:54:23,26
buyer,2018-03-03 03:06:19,26
seller,2018-03-03 03:15:25,14
buyer,2018-03-03 03:34:38,22
buyer,2018-03-03 03:36:28,20
seller,2018-03-03 03:45:02,18
buyer,2018-03-03 04:27:59,23
buyer,2018-03-03 04:28:17,24
buyer,2018-03-03 05:15:21,19
buyer,2018-03-03 05:39:19,24
buyer,2018-03-03 06:02:09,23
buyer,2018-03-03 06:20:22,25
seller,2018-03-03 06:23:37,15
buyer,2018-03-03 06:26:34,20
buyer,2018-03-03 07:04:08,28
buyer,2018-03-03 09:18:28,23
buyer,2018-03-03 09:42:13,25
buyer,2018-03-03 09:56:13,23
buyer,2018-03-03 10:09:14,29
buyer,2018-03-03 10:51:17,30
buyer,2018-03-03 14:50:20,20
buyer,2018-03-03 21:56:33,23
buyer,2018-03-04 04:49:41,27
buyer,2018-03-04 05:48:11,22
buyer,2018-03-04 05:49:48,24
buyer,2018-03-04 07:43:20,26
buyer,2018-03-04 11:01:04,27
buyer,2018-03-04 13:17:15,27
buyer,2018-03-04 22:14:48,26
buyer,2018-03-05 02:19:28,29
buyer,2018-03-05 09:25:56,26
buyer,2018-03-05 10:38:08,28
buyer,2018-03-05 21:34:22,29
buyer,2018-03-06 00:57:54,22
seller,2018-03-06 01:01:05,16
buyer,2018-03-06 01:29:44,23
buyer,2018-03-06 02:12:49,24
seller,2018-03-06 02:31:26,14
seller,2018-03-06 02:52:43,17
seller,2018-03-06 02:59:38,19
seller,2018-03-06 03:14:49,15
seller,2018-03-06 03:18:45,16
seller,2018-03-06 03:25:33,14
buyer,2018-03-06 03:34:12,25
buyer,2018-03-06 03:44:08,22
buyer,2018-03-06 04:30:28,26
seller,2018-03-06 04:43:08,15
seller,2018-03-06 04:53:34,18
buyer,2018-03-06 04:59:39,27
seller,2018-03-06 05:27:46,15
buyer,2018-03-06 06:22:16,25
buyer,2018-03-06 06:23:49,22
seller,2018-03-06 06:55:12,16
buyer,2018-03-06 07:35:50,27
buyer,2018-03-06 07:38:23,24
buyer,2018-03-06 07:53:29,26
buyer,2018-03-06 08:32:41,25
buyer,2018-03-06 09:08:34,20
seller,2018-03-06 14:56:25,15
buyer,2018-03-07 00:27:47,22
seller,2018-03-07 01:34:29,19
buyer,2018-03-07 02:14:47,28
seller,2018-03-07 02:16:57,17
seller,2018-03-07 02:54:59,15
buyer,2018-03-07 02:59:32,29
seller,2018-03-07 03:38:17,14
buyer,2018-03-07 03:46:31,29
buyer,2018-03-07 03:57:58,16
buyer,2018-03-07 04:20:12,29
seller,2018-03-07 04:53:54,20
buyer,2018-03-07 05:05:05,27
buyer,2018-03-07 05:53:39,25
seller,2018-03-07 05:54:17,18
seller,2018-03-07 06:07:04,17
seller,2018-03-07 06:10:12,14
buyer,2018-03-07 06:24:56,30
buyer,2018-03-07 06:28:01,25
seller,2018-03-07 06:35:01,16
seller,2018-03-07 06:37:42,16
buyer,2018-03-07 06:41:54,25
seller,2018-03-07 06:42:42,15
buyer,2018-03-07 07:10:09,26
buyer,2018-03-07 07:21:31,24
buyer,2018-03-07 07:26:53,25
seller,2018-03-07 07:39:28,17
seller,2018-03-07 08:12:51,15
buyer,2018-03-07 08:38:43,29
buyer,2018-03-07 13:01:46,27
buyer,2018-03-07 14:39:58,24
buyer,2018-03-07 19:58:46,27
buyer,2018-03-08 01:02:30,25
buyer,2018-03-08 01:09:14,22
buyer,2018-03-08 01:34:34,28
seller,2018-03-08 01:42:46,17
buyer,2018-03-08 01:48:26,26
seller,2018-03-08 01:53:42,17
buyer,2018-03-08 02:02:44,23
buyer,2018-03-08 02:36:37,21
buyer,2018-03-08 02:54:15,21
seller,2018-03-08 03:04:27,19
buyer,2018-03-08 03:16:42,23
buyer,2018-03-08 03:33:01,20
buyer,2018-03-08 03:36:25,26
seller,2018-03-08 03:50:18,12
buyer,2018-03-08 03:52:37,25
seller,2018-03-08 04:00:17,18
buyer,2018-03-08 04:01:08,20
buyer,2018-03-08 04:02:40,31
seller,2018-03-08 04:04:42,19
buyer,2018-03-08 04:20:03,29
buyer,2018-03-08 04:40:41,24
seller,2018-03-08 04:41:09,19
seller,2018-03-08 04:42:19,13
buyer,2018-03-08 04:51:18,26
buyer,2018-03-08 04:56:22,23
seller,2018-03-08 04:59:36,18
buyer,2018-03-08 05:13:53,20
seller,2018-03-08 05:21:25,19
seller,2018-03-08 05:36:22,12
buyer,2018-03-08 05:42:47,27
buyer,2018-03-08 05:44:07,26
seller,2018-03-08 05:48:49,12
buyer,2018-03-08 05:48:55,23
buyer,2018-03-08 05:50:32,24
buyer,2018-03-08 05:51:48,28
buyer,2018-03-08 06:33:14,29
buyer,2018-03-08 07:05:14,27
buyer,2018-03-08 07:05:52,24
buyer,2018-03-08 07:10:54,29
buyer,2018-03-08 07:11:47,24
seller,2018-03-08 07:16:32,16
buyer,2018-03-08 07:42:39,26
buyer,2018-03-08 07:57:54,27
buyer,2018-03-09 00:14:58,30
buyer,2018-03-09 00:24:57,25
seller,2018-03-09 00:30:26,16
seller,2018-03-09 01:32:42,20
buyer,2018-03-09 02:01:49,24
buyer,2018-03-09 02:17:39,25
buyer,2018-03-09 02:23:25,20
buyer,2018-03-09 02:27:43,23
buyer,2018-03-09 02:28:39,23
buyer,2018-03-09 02:53:14,23
buyer,2018-03-09 03:49:37,21
buyer,2018-03-09 03:55:09,27
buyer,2018-03-09 04:16:43,30
buyer,2018-03-09 04:24:48,28
buyer,2018-03-09 04:26:38,28
seller,2018-03-09 04:36:25,16
buyer,2018-03-09 04:38:09,23
seller,2018-03-09 04:45:32,13
seller,2018-03-09 04:58:53,12
seller,2018-03-09 05:04:50,16
buyer,2018-03-09 05:34:42,25
buyer,2018-03-09 06:03:28,21
buyer,2018-03-09 06:13:21,27
seller,2018-03-09 06:49:33,15
buyer,2018-03-09 06:55:24,24
buyer,2018-03-09 07:24:47,25
buyer,2018-03-09 07:26:32,30
seller,2018-03-09 07:56:18,14
buyer,2018-03-09 07:58:18,28
seller,2018-03-09 08:08:48,15
buyer,2018-03-09 10:14:08,26
buyer,2018-03-09 12:45:17,21
buyer,2018-03-10 01:17:16,24
seller,2018-03-10 01:34:15,14
buyer,2018-03-10 01:42:42,21
buyer,2018-03-10 01:48:34,21
buyer,2018-03-10 01:55:32,27
buyer,2018-03-10 02:29:01,28
buyer,2018-03-10 03:11:38,31
seller,2018-03-10 03:43:53,20
buyer,2018-03-10 03:49:25,28
buyer,2018-03-10 03:54:54,21
seller,2018-03-10 04:28:55,14
buyer,2018-03-10 04:39:57,29
seller,2018-03-10 05:05:46,17
seller,2018-03-10 05:17:28,14
seller,2018-03-10 05:24:32,20
buyer,2018-03-10 06:20:31,27
buyer,2018-03-10 06:39:01,24
buyer,2018-03-10 07:02:47,29
buyer,2018-03-10 07:10:39,26
buyer,2018-03-10 07:11:29,26
seller,2018-03-10 07:28:51,15
buyer,2018-03-10 10:55:05,23
buyer,2018-03-10 10:57:28,23
buyer,2018-03-10 12:11:06,24
buyer,2018-03-10 13:19:16,20
seller,2018-03-11 02:11:54,14
buyer,2018-03-11 04:22:33,24
buyer,2018-03-11 04:48:02,29
seller,2018-03-11 06:04:26,17
buyer,2018-03-11 08:16:10,22
buyer,2018-03-11 09:17:16,23
buyer,2018-03-11 13:55:32,24
buyer,2018-03-11 14:48:11,26
buyer,2018-03-11 17:14:12,30
seller,2018-03-11 20:36:29,16
seller,2018-03-12 02:22:49,16
seller,2018-03-12 06:48:20,19
buyer,2018-03-12 11:40:59,28
buyer,2018-03-12 22:11:52,27
buyer,2018-03-12 22:36:05,25
buyer,2018-03-12 22:51:06,24
buyer,2018-03-12 23:07:20,26
seller,2018-03-12 23:08:04,16
buyer,2018-03-12 23:50:37,25
buyer,2018-03-13 00:05:44,27
seller,2018-03-13 00:11:07,17
seller,2018-03-13 01:03:57,15
buyer,2018-03-13 01:38:29,23
buyer,2018-03-13 01:39:23,26
buyer,2018-03-13 01:42:45,27
buyer,2018-03-13 01:42:58,28
buyer,2018-03-13 01:52:05,23
buyer,2018-03-13 01:58:01,24
buyer,2018-03-13 02:02:14,31
buyer,2018-03-13 02:33:59,25
buyer,2018-03-13 02:35:19,29
buyer,2018-03-13 02:41:33,24
buyer,2018-03-13 02:57:54,24
buyer,2018-03-13 03:10:43,24
buyer,2018-03-13 03:37:34,24
buyer,2018-03-13 04:01:19,30
buyer,2018-03-13 04:28:17,27
buyer,2018-03-13 04:32:54,26
buyer,2018-03-13 04:38:27,23
buyer,2018-03-13 04:43:59,27
buyer,2018-03-13 04:50:24,25
seller,2018-03-13 05:01:49,17
buyer,2018-03-13 05:08:10,25
seller,2018-03-13 05:19:07,15
buyer,2018-03-13 05:37:44,25
buyer,2018-03-13 05:48:40,21
seller,2018-03-13 05:52:19,17
seller,2018-03-13 05:56:25,15
buyer,2018-03-13 06:44:10,26
seller,2018-03-13 07:17:56,11
buyer,2018-03-13 07:30:21,25
seller,2018-03-13 07:41:21,14
seller,2018-03-13 08:39:50,14
buyer,2018-03-13 09:09:22,27
buyer,2018-03-13 09:26:31,23
seller,2018-03-14 00:01:37,15
buyer,2018-03-14 00:09:37,27
seller,2018-03-14 00:18:11,14
seller,2018-03-14 00:39:06,19
buyer,2018-03-14 00:43:31,32
buyer,2018-03-14 00:45:42,21
buyer,2018-03-14 00:47:56,27
seller,2018-03-14 01:20:46,13
seller,2018-03-14 01:22:56,13
seller,2018-03-14 01:30:01,16
seller,2018-03-14 01:45:51,20
buyer,2018-03-14 01:49:32,25
buyer,2018-03-14 01:57:38,29
seller,2018-03-14 02:00:16,14
buyer,2018-03-14 02:05:10,26
buyer,2018-03-14 02:09:30,27
buyer,2018-03-14 02:24:18,20
buyer,2018-03-14 02:25:24,25
buyer,2018-03-14 02:26:42,25
seller,2018-03-14 02:31:00,15
seller,2018-03-14 02:46:17,13
buyer,2018-03-14 03:07:45,28
seller,2018-03-14 03:23:20,17
seller,2018-03-14 03:25:01,20
buyer,2018-03-14 03:29:52,21
buyer,2018-03-14 03:33:14,25
buyer,2018-03-14 03:36:36,27
seller,2018-03-14 03:37:05,14
seller,2018-03-14 03:39:05,19
buyer,2018-03-14 03:54:34,25
buyer,2018-03-14 04:02:26,23
buyer,2018-03-14 04:14:52,27
buyer,2018-03-14 04:34:44,23
buyer,2018-03-14 04:35:21,25
buyer,2018-03-14 04:35:59,26
buyer,2018-03-14 04:46:43,26
buyer,2018-03-14 04:49:39,26
buyer,2018-03-14 04:51:17,27
buyer,2018-03-14 04:53:34,24
buyer,2018-03-14 04:55:52,26
buyer,2018-03-14 05:04:31,24
buyer,2018-03-14 05:09:08,28
seller,2018-03-14 05:14:19,16
buyer,2018-03-14 05:22:27,31
buyer,2018-03-14 05:43:55,26
buyer,2018-03-14 05:56:16,34
buyer,2018-03-14 06:00:11,26
buyer,2018-03-14 06:10:12,27
buyer,2018-03-14 06:13:27,27
seller,2018-03-14 06:17:27,17
buyer,2018-03-14 06:25:40,29
buyer,2018-03-14 06:37:04,24
seller,2018-03-14 06:49:26,16
buyer,2018-03-14 06:54:07,27
buyer,2018-03-14 06:54:22,27
buyer,2018-03-14 07:01:51,24
buyer,2018-03-14 07:13:09,23
buyer,2018-03-14 07:28:10,21
buyer,2018-03-14 07:54:00,27
buyer,2018-03-14 12:41:39,26
buyer,2018-03-15 00:34:20,24
buyer,2018-03-15 00:37:20,26
buyer,2018-03-15 01:15:08,32
seller,2018-03-15 01:17:29,15
seller,2018-03-15 01:26:13,18
seller,2018-03-15 01:50:02,14
seller,2018-03-15 02:03:31,15
buyer,2018-03-15 02:04:02,27
seller,2018-03-15 02:04:57,13
buyer,2018-03-15 02:20:42,21
seller,2018-03-15 02:51:32,14
seller,2018-03-15 02:52:37,14
seller,2018-03-15 03:01:18,16
seller,2018-03-15 03:21:37,13
buyer,2018-03-15 03:28:28,25
buyer,2018-03-15 03:29:13,29
seller,2018-03-15 03:38:54,19
buyer,2018-03-15 03:39:14,23
seller,2018-03-15 03:59:48,13
buyer,2018-03-15 04:28:46,26
seller,2018-03-15 04:34:37,16
buyer,2018-03-15 04:36:22,24
buyer,2018-03-15 04:57:37,25
seller,2018-03-15 05:17:34,13
seller,2018-03-15 05:18:24,14
buyer,2018-03-15 05:32:24,25
buyer,2018-03-15 05:34:03,30
buyer,2018-03-15 05:38:31,22
buyer,2018-03-15 05:46:42,28
buyer,2018-03-15 05:49:49,24
buyer,2018-03-15 05:52:36,25
buyer,2018-03-15 05:56:19,26
buyer,2018-03-15 06:03:54,31
buyer,2018-03-15 06:11:53,29
buyer,2018-03-15 06:42:02,24
buyer,2018-03-15 07:16:46,28
buyer,2018-03-15 08:26:56,26
buyer,2018-03-15 08:28:14,26
seller,2018-03-15 09:28:09,17
buyer,2018-03-15 10:30:34,25
buyer,2018-03-15 11:28:52,27
buyer,2018-03-15 22:33:43,32
buyer,2018-03-16 00:26:49,32
buyer,2018-03-16 00:32:24,22
seller,2018-03-16 00:51:09,18
buyer,2018-03-16 01:06:54,26
buyer,2018-03-16 01:07:01,22
buyer,2018-03-16 01:35:18,28
buyer,2018-03-16 02:00:32,28
buyer,2018-03-16 02:12:37,26
buyer,2018-03-16 02:22:08,25
buyer,2018-03-16 02:29:36,25
buyer,2018-03-16 02:34:04,29
seller,2018-03-16 02:44:54,16
buyer,2018-03-16 02:47:52,31
seller,2018-03-16 03:02:28,18
buyer,2018-03-16 03:10:34,25
buyer,2018-03-16 03:14:55,23
buyer,2018-03-16 03:17:30,20
buyer,2018-03-16 03:18:00,23
buyer,2018-03-16 03:42:26,29
buyer,2018-03-16 03:58:06,29
buyer,2018-03-16 04:26:41,29
seller,2018-03-16 04:32:28,16
buyer,2018-03-16 04:38:27,25
buyer,2018-03-16 04:42:59,23
buyer,2018-03-16 04:43:06,32
seller,2018-03-16 04:53:20,16
buyer,2018-03-16 04:53:44,24
buyer,2018-03-16 05:07:10,21
buyer,2018-03-16 05:53:35,24
buyer,2018-03-16 06:09:04,20
seller,2018-03-16 10:46:46,15
buyer,2018-03-16 22:12:13,23
seller,2018-03-16 23:16:14,13
buyer,2018-03-16 23:56:35,27
buyer,2018-03-17 00:12:13,24
seller,2018-03-17 00:25:56,17
seller,2018-03-17 00:43:00,15
seller,2018-03-17 00:55:21,14
buyer,2018-03-17 00:55:35,22
seller,2018-03-17 01:27:31,14
seller,2018-03-17 01:39:18,11
seller,2018-03-17 01:43:12,17
buyer,2018-03-17 01:51:32,30
buyer,2018-03-17 02:02:18,22
buyer,2018-03-17 02:03:43,28
buyer,2018-03-17 02:32:18,25
buyer,2018-03-17 02:48:28,24
seller,2018-03-17 03:44:55,16
buyer,2018-03-17 03:45:28,24
buyer,2018-03-17 03:58:25,24
buyer,2018-03-17 03:58:57,21
seller,2018-03-17 04:00:46,16
buyer,2018-03-17 04:14:13,25
buyer,2018-03-17 04:26:02,24
buyer,2018-03-17 05:02:14,20
buyer,2018-03-17 05:19:46,24
buyer,2018-03-17 05:30:29,27
buyer,2018-03-17 05:43:05,27
buyer,2018-03-17 05:49:51,29
buyer,2018-03-17 05:50:32,27
buyer,2018-03-17 06:32:05,26
seller,2018-03-17 07:21:47,20
buyer,2018-03-17 07:42:12,28
buyer,2018-03-17 07:43:44,26
buyer,2018-03-17 07:45:38,20
buyer,2018-03-17 08:53:44,28
buyer,2018-03-17 13:41:51,23
buyer,2018-03-17 22:18:36,22
seller,2018-03-18 00:33:24,16
buyer,2018-03-18 00:36:45,23
buyer,2018-03-18 05:38:01,20
buyer,2018-03-18 10:23:36,22
buyer,2018-03-19 03:51:17,28
buyer,2018-03-19 08:06:51,22
buyer,2018-03-19 11:49:10,25
buyer,2018-03-19 13:54:04,26
buyer,2018-03-19 23:23:16,25
seller,2018-03-20 00:27:37,18
seller,2018-03-20 00:30:44,16
seller,2018-03-20 00:38:14,16
seller,2018-03-20 00:41:00,15
buyer,2018-03-20 00:57:15,27
buyer,2018-03-20 01:06:51,21
buyer,2018-03-20 01:44:52,30
buyer,2018-03-20 01:48:53,22
buyer,2018-03-20 02:01:15,31
buyer,2018-03-20 02:09:38,20
buyer,2018-03-20 02:10:24,31
seller,2018-03-20 02:10:26,15
seller,2018-03-20 02:15:37,14
buyer,2018-03-20 02:51:47,23
buyer,2018-03-20 02:51:57,25
buyer,2018-03-20 03:16:15,32
seller,2018-03-20 03:18:57,17
seller,2018-03-20 03:59:53,20
buyer,2018-03-20 04:09:35,24
seller,2018-03-20 06:08:41,17
buyer,2018-03-20 06:15:37,20
buyer,2018-03-20 06:41:31,24
buyer,2018-03-20 07:14:30,27
buyer,2018-03-20 08:31:51,26
buyer,2018-03-20 14:46:02,28
buyer,2018-03-20 22:46:02,31
buyer,2018-03-20 23:01:39,22
buyer,2018-03-20 23:12:45,29
seller,2018-03-21 00:23:03,13
seller,2018-03-21 00:25:00,18
buyer,2018-03-21 00:30:31,24
seller,2018-03-21 00:36:29,14
buyer,2018-03-21 01:03:49,23
buyer,2018-03-21 01:22:32,27
seller,2018-03-21 01:31:16,21
seller,2018-03-21 01:39:04,14
seller,2018-03-21 01:40:09,18
buyer,2018-03-21 01:41:55,28
buyer,2018-03-21 01:59:20,25
buyer,2018-03-21 02:00:35,22
seller,2018-03-21 02:03:51,13
buyer,2018-03-21 02:03:52,22
seller,2018-03-21 02:43:48,15
seller,2018-03-21 02:50:14,17
buyer,2018-03-21 03:07:58,28
buyer,2018-03-21 03:22:29,26
buyer,2018-03-21 03:42:32,25
buyer,2018-03-21 03:49:21,23
buyer,2018-03-21 03:53:55,25
buyer,2018-03-21 03:56:22,26
buyer,2018-03-21 04:10:35,26
seller,2018-03-21 04:17:46,16
buyer,2018-03-21 04:19:27,29
buyer,2018-03-21 04:20:22,26
buyer,2018-03-21 04:20:26,32
buyer,2018-03-21 04:28:08,30
buyer,2018-03-21 05:20:23,24
seller,2018-03-21 05:27:09,18
seller,2018-03-21 05:39:36,16
buyer,2018-03-21 05:50:22,28
buyer,2018-03-21 05:51:10,28
seller,2018-03-21 05:55:47,13
buyer,2018-03-21 06:03:19,28
buyer,2018-03-21 06:26:21,26
buyer,2018-03-21 06:45:45,26
buyer,2018-03-21 06:53:33,30
buyer,2018-03-21 06:56:18,27
seller,2018-03-21 06:58:41,15
buyer,2018-03-21 07:05:04,23
seller,2018-03-21 07:15:36,13
seller,2018-03-21 07:17:59,15
seller,2018-03-21 07:26:09,14
seller,2018-03-21 07:30:15,13
seller,2018-03-21 07:32:38,15
seller,2018-03-21 07:34:35,17
buyer,2018-03-21 07:36:42,29
seller,2018-03-21 07:42:24,15
seller,2018-03-21 07:49:38,16
seller,2018-03-21 07:51:55,17
seller,2018-03-21 07:55:05,14
seller,2018-03-21 07:59:07,11
buyer,2018-03-21 10:34:56,23
seller,2018-03-21 12:33:49,20
buyer,2018-03-21 15:10:09,28
buyer,2018-03-21 21:49:55,29
seller,2018-03-21 23:58:15,16
buyer,2018-03-22 00:03:01,26
seller,2018-03-22 00:09:27,14
buyer,2018-03-22 00:53:14,25
seller,2018-03-22 01:13:26,15
buyer,2018-03-22 01:14:33,30
buyer,2018-03-22 01:24:12,30
buyer,2018-03-22 01:47:00,29
buyer,2018-03-22 02:05:08,30
buyer,2018-03-22 02:25:33,29
seller,2018-03-22 02:39:37,14
seller,2018-03-22 02:54:40,18
seller,2018-03-22 03:16:15,15
buyer,2018-03-22 03:19:29,26
buyer,2018-03-22 03:26:15,28
buyer,2018-03-22 03:28:47,20
buyer,2018-03-22 03:52:51,27
buyer,2018-03-22 04:00:42,26
seller,2018-03-22 04:37:24,12
buyer,2018-03-22 04:48:01,28
seller,2018-03-22 04:55:41,15
buyer,2018-03-22 05:18:46,27
seller,2018-03-22 05:27:55,18
buyer,2018-03-22 05:30:59,30
seller,2018-03-22 05:37:56,13
seller,2018-03-22 06:17:07,18
seller,2018-03-22 06:17:29,16
seller,2018-03-22 06:36:49,18
buyer,2018-03-22 06:41:51,23
seller,2018-03-22 07:23:08,14
seller,2018-03-22 07:40:03,16
seller,2018-03-22 07:41:40,14
seller,2018-03-22 07:43:13,15
seller,2018-03-22 07:44:27,18
seller,2018-03-22 07:44:56,20
seller,2018-03-22 07:45:41,15
seller,2018-03-22 07:53:05,17
seller,2018-03-22 07:55:01,16
seller,2018-03-22 07:56:18,17
seller,2018-03-22 07:57:41,17
seller,2018-03-22 07:59:30,13
seller,2018-03-22 08:01:16,18
seller,2018-03-22 08:03:00,14
seller,2018-03-22 08:05:55,13
buyer,2018-03-22 08:23:09,24
buyer,2018-03-22 08:28:04,22
buyer,2018-03-22 08:50:58,22
buyer,2018-03-22 09:42:26,30
buyer,2018-03-22 13:22:13,27
buyer,2018-03-22 22:46:51,23
buyer,2018-03-22 23:01:23,22
buyer,2018-03-22 23:13:51,28
buyer,2018-03-22 23:25:42,24
buyer,2018-03-23 00:13:24,28
buyer,2018-03-23 00:14:40,29
seller,2018-03-23 00:23:55,19
seller,2018-03-23 00:28:42,15
buyer,2018-03-23 00:32:18,29
buyer,2018-03-23 01:57:08,32
buyer,2018-03-23 01:58:52,26
seller,2018-03-23 02:01:51,10
seller,2018-03-23 02:06:47,14
seller,2018-03-23 02:08:37,16
seller,2018-03-23 02:10:31,16
seller,2018-03-23 02:12:40,16
seller,2018-03-23 02:14:12,15
seller,2018-03-23 02:15:23,11
seller,2018-03-23 02:17:19,16
seller,2018-03-23 02:19:50,16
seller,2018-03-23 02:21:43,14
seller,2018-03-23 02:23:02,16
seller,2018-03-23 02:26:10,16
seller,2018-03-23 02:29:35,14
seller,2018-03-23 02:42:01,15
seller,2018-03-23 02:48:38,17
buyer,2018-03-23 02:51:48,21
seller,2018-03-23 02:52:41,14
seller,2018-03-23 02:55:09,19
seller,2018-03-23 02:59:07,18
buyer,2018-03-23 03:16:08,30
seller,2018-03-23 03:20:58,14
seller,2018-03-23 03:23:13,14
buyer,2018-03-23 03:47:50,26
buyer,2018-03-23 03:48:29,27
seller,2018-03-23 03:48:35,17
buyer,2018-03-23 03:54:17,25
seller,2018-03-23 03:56:02,13
seller,2018-03-23 03:57:53,14
seller,2018-03-23 04:00:28,12
seller,2018-03-23 04:02:56,17
seller,2018-03-23 04:04:21,18
seller,2018-03-23 04:07:11,18
buyer,2018-03-23 04:10:19,27
seller,2018-03-23 04:12:46,16
seller,2018-03-23 04:15:30,16
buyer,2018-03-23 04:45:19,24
buyer,2018-03-23 04:47:22,21
seller,2018-03-23 05:07:21,17
buyer,2018-03-23 05:37:01,23
seller,2018-03-23 05:44:06,15
seller,2018-03-23 05:54:44,17
seller,2018-03-23 05:58:17,16
seller,2018-03-23 05:59:38,14
seller,2018-03-23 06:02:01,17
seller,2018-03-23 06:03:35,16
seller,2018-03-23 06:08:00,19
seller,2018-03-23 06:10:02,16
seller,2018-03-23 06:14:01,17
seller,2018-03-23 06:15:49,13
seller,2018-03-23 06:18:51,15
seller,2018-03-23 06:21:08,14
seller,2018-03-23 06:23:42,15
seller,2018-03-23 06:25:25,19
seller,2018-03-23 06:26:47,12
seller,2018-03-23 06:40:26,15
seller,2018-03-23 06:42:42,15
seller,2018-03-23 06:42:52,14
seller,2018-03-23 06:44:05,18
seller,2018-03-23 06:45:43,18
seller,2018-03-23 06:48:17,18
seller,2018-03-23 06:49:42,15
buyer,2018-03-23 06:55:36,21
seller,2018-03-23 07:17:20,17
buyer,2018-03-23 09:23:13,21
buyer,2018-03-23 09:34:39,25
buyer,2018-03-23 22:37:15,23
buyer,2018-03-23 23:16:13,23
buyer,2018-03-23 23:19:09,23
buyer,2018-03-23 23:38:46,26
buyer,2018-03-23 23:46:45,27
seller,2018-03-24 00:05:07,17
seller,2018-03-24 00:27:50,15
buyer,2018-03-24 01:13:13,23
seller,2018-03-24 01:26:47,18
buyer,2018-03-24 01:40:45,23
buyer,2018-03-24 02:07:49,21
buyer,2018-03-24 02:26:51,21
buyer,2018-03-24 02:45:41,28
seller,2018-03-24 02:49:49,16
seller,2018-03-24 02:51:38,16
buyer,2018-03-24 03:15:58,25
buyer,2018-03-24 03:31:42,19
buyer,2018-03-24 03:32:07,24
seller,2018-03-24 03:43:33,13
buyer,2018-03-24 03:50:21,23
buyer,2018-03-24 03:59:47,29
buyer,2018-03-24 04:08:24,25
buyer,2018-03-24 04:11:30,28
buyer,2018-03-24 04:45:21,19
seller,2018-03-24 04:57:52,16
buyer,2018-03-24 05:00:09,23
seller,2018-03-24 05:04:22,17
buyer,2018-03-24 05:09:14,23
seller,2018-03-24 05:23:02,16
seller,2018-03-24 05:28:53,14
seller,2018-03-24 05:33:09,18
seller,2018-03-24 05:45:38,16
buyer,2018-03-24 05:47:18,22
seller,2018-03-24 05:47:35,15
buyer,2018-03-24 05:53:42,24
seller,2018-03-24 06:02:11,17
seller,2018-03-24 06:05:42,14
seller,2018-03-24 06:25:30,14
buyer,2018-03-24 06:35:00,23
buyer,2018-03-24 06:41:42,26
buyer,2018-03-24 06:57:59,30
seller,2018-03-24 07:03:51,17
seller,2018-03-24 07:17:25,14
buyer,2018-03-24 07:44:54,27
buyer,2018-03-24 07:49:44,23
seller,2018-03-24 07:50:51,16
buyer,2018-03-24 07:56:21,28
buyer,2018-03-24 07:57:58,27
buyer,2018-03-24 08:16:54,24
buyer,2018-03-24 08:34:39,27
buyer,2018-03-24 08:48:53,26
seller,2018-03-24 08:52:50,16
seller,2018-03-24 09:08:54,14
buyer,2018-03-24 10:58:21,23
buyer,2018-03-24 13:45:08,29
buyer,2018-03-24 16:02:07,23
buyer,2018-03-24 22:29:49,26
seller,2018-03-25 00:12:13,16
buyer,2018-03-25 00:17:44,27
buyer,2018-03-25 00:50:55,24
buyer,2018-03-25 03:33:36,27
buyer,2018-03-25 03:46:55,28
buyer,2018-03-25 03:54:39,15
seller,2018-03-25 04:20:36,15
buyer,2018-03-25 04:27:08,30
buyer,2018-03-25 04:39:08,29
buyer,2018-03-25 04:48:42,26
buyer,2018-03-25 04:51:21,29
seller,2018-03-25 05:08:45,16
buyer,2018-03-25 05:28:37,27
buyer,2018-03-25 08:13:50,27
buyer,2018-03-25 11:15:59,27
seller,2018-03-26 04:32:23,13
buyer,2018-03-26 05:51:21,21
seller,2018-03-26 06:12:50,16
seller,2018-03-26 08:06:56,16
seller,2018-03-26 08:25:30,12
buyer,2018-03-26 08:31:44,24
buyer,2018-03-26 09:40:20,28
buyer,2018-03-26 12:46:33,25
seller,2018-03-27 00:04:24,13
buyer,2018-03-27 01:06:35,26
buyer,2018-03-27 01:24:25,31
seller,2018-03-27 01:48:40,18
seller,2018-03-27 02:42:19,15
buyer,2018-03-27 03:30:28,28
seller,2018-03-27 04:03:13,16
buyer,2018-03-27 04:06:05,26
buyer,2018-03-27 04:21:24,24
buyer,2018-03-27 04:25:19,27
seller,2018-03-27 04:28:13,16
buyer,2018-03-27 04:34:35,29
buyer,2018-03-27 04:51:56,26
seller,2018-03-27 04:53:09,15
buyer,2018-03-27 05:17:03,17
buyer,2018-03-27 05:21:59,25
seller,2018-03-27 06:05:21,14
buyer,2018-03-27 06:20:33,26
buyer,2018-03-27 07:07:55,29
buyer,2018-03-27 09:03:11,31
buyer,2018-03-27 10:52:15,22
buyer,2018-03-27 11:41:17,28
buyer,2018-03-28 00:39:27,24
buyer,2018-03-28 00:43:32,29
buyer,2018-03-28 00:46:40,25
seller,2018-03-28 00:56:34,17
buyer,2018-03-28 01:04:37,22
buyer,2018-03-28 01:04:42,20
seller,2018-03-28 01:26:23,16
buyer,2018-03-28 01:33:25,27
buyer,2018-03-28 01:38:07,25
buyer,2018-03-28 01:41:05,26
seller,2018-03-28 01:41:48,18
seller,2018-03-28 01:46:04,13
buyer,2018-03-28 01:50:53,24
buyer,2018-03-28 01:50:58,31
buyer,2018-03-28 02:00:42,23
seller,2018-03-28 02:06:19,18
seller,2018-03-28 02:17:06,21
buyer,2018-03-28 02:19:27,29
buyer,2018-03-28 02:21:40,24
buyer,2018-03-28 02:24:46,26
seller,2018-03-28 02:25:37,15
buyer,2018-03-28 02:40:20,29
buyer,2018-03-28 02:54:29,25
seller,2018-03-28 03:00:25,13
buyer,2018-03-28 03:01:57,29
seller,2018-03-28 03:18:27,15
seller,2018-03-28 03:24:29,16
buyer,2018-03-28 03:33:47,25
buyer,2018-03-28 03:47:38,26
seller,2018-03-28 03:53:55,15
seller,2018-03-28 04:12:05,16
buyer,2018-03-28 04:13:53,25
buyer,2018-03-28 04:17:08,26
buyer,2018-03-28 04:44:42,28
buyer,2018-03-28 04:48:42,24
buyer,2018-03-28 04:58:14,25
buyer,2018-03-28 05:13:38,23
buyer,2018-03-28 05:21:33,27
buyer,2018-03-28 06:08:05,25
seller,2018-03-28 06:11:17,12
buyer,2018-03-28 06:19:13,26
seller,2018-03-28 06:19:55,16
buyer,2018-03-28 06:33:28,27
buyer,2018-03-28 06:37:01,28
buyer,2018-03-28 06:45:37,22
seller,2018-03-28 06:48:20,18
buyer,2018-03-28 06:51:28,21
seller,2018-03-28 07:04:13,17
buyer,2018-03-28 07:18:20,26
buyer,2018-03-28 07:45:12,24
seller,2018-03-28 08:01:50,14
buyer,2018-03-28 10:38:01,25
seller,2018-03-28 10:40:08,13
seller,2018-03-28 10:46:49,16
buyer,2018-03-28 13:09:59,27
buyer,2018-03-28 23:23:46,26
buyer,2018-03-28 23:48:52,24
buyer,2018-03-29 00:26:14,30
seller,2018-03-29 00:55:39,14
buyer,2018-03-29 01:06:53,22
seller,2018-03-29 01:19:52,15
buyer,2018-03-29 01:23:56,29
buyer,2018-03-29 01:26:55,30
buyer,2018-03-29 01:39:18,25
seller,2018-03-29 01:42:04,12
buyer,2018-03-29 01:45:47,25
seller,2018-03-29 02:28:30,18
buyer,2018-03-29 02:32:42,22
seller,2018-03-29 02:56:24,17
buyer,2018-03-29 03:13:36,31
buyer,2018-03-29 03:15:43,25
buyer,2018-03-29 03:18:44,22
buyer,2018-03-29 03:20:43,29
buyer,2018-03-29 03:30:41,26
seller,2018-03-29 03:34:25,16
buyer,2018-03-29 03:48:51,25
buyer,2018-03-29 03:57:31,24
buyer,2018-03-29 04:04:35,31
seller,2018-03-29 04:11:39,15
buyer,2018-03-29 04:15:56,23
buyer,2018-03-29 04:31:30,31
buyer,2018-03-29 04:46:14,30
seller,2018-03-29 04:51:25,15
seller,2018-03-29 05:27:52,15
buyer,2018-03-29 05:35:28,25
buyer,2018-03-29 05:42:27,32
buyer,2018-03-29 05:49:17,22
buyer,2018-03-29 06:00:35,26
buyer,2018-03-29 06:19:39,28
buyer,2018-03-29 06:57:43,28
buyer,2018-03-29 07:33:54,24
buyer,2018-03-29 07:40:19,25
buyer,2018-03-29 08:19:23,25
buyer,2018-03-29 08:51:53,27
buyer,2018-03-29 09:51:05,19
buyer,2018-03-29 11:04:45,27
buyer,2018-03-29 21:37:54,20
buyer,2018-03-29 21:52:06,25
buyer,2018-03-29 22:47:41,23
seller,2018-03-29 23:41:58,16
seller,2018-03-29 23:48:00,14
buyer,2018-03-29 23:51:53,22
buyer,2018-03-29 23:58:21,27
seller,2018-03-30 00:33:26,15
buyer,2018-03-30 01:03:41,27
buyer,2018-03-30 01:05:29,25
buyer,2018-03-30 01:34:23,33
buyer,2018-03-30 01:40:43,19
buyer,2018-03-30 01:49:28,24
buyer,2018-03-30 01:59:59,21
buyer,2018-03-30 02:01:18,29
seller,2018-03-30 02:11:53,17
buyer,2018-03-30 02:34:34,25
seller,2018-03-30 02:48:49,14
buyer,2018-03-30 03:00:54,27
buyer,2018-03-30 03:18:21,20
buyer,2018-03-30 03:21:53,23
seller,2018-03-30 03:47:07,11
buyer,2018-03-30 03:53:49,27
buyer,2018-03-30 04:24:26,24
buyer,2018-03-30 04:45:40,26
buyer,2018-03-30 04:49:07,25
buyer,2018-03-30 04:56:10,31
buyer,2018-03-30 04:59:00,26
buyer,2018-03-30 05:09:51,28
buyer,2018-03-30 05:29:20,29
buyer,2018-03-30 05:31:09,27
buyer,2018-03-30 05:33:26,27
buyer,2018-03-30 05:36:51,30
seller,2018-03-30 05:47:10,16
buyer,2018-03-30 06:19:21,26
seller,2018-03-30 06:48:59,16
seller,2018-03-30 07:26:54,15
buyer,2018-03-30 09:31:19,30
buyer,2018-03-30 12:27:53,23
buyer,2018-03-30 13:11:57,23
buyer,2018-03-30 22:23:22,26
seller,2018-03-30 23:47:18,21
buyer,2018-03-31 00:38:37,22
buyer,2018-03-31 00:46:16,24
buyer,2018-03-31 00:51:57,23
buyer,2018-03-31 01:02:10,23
seller,2018-03-31 01:12:16,18
seller,2018-03-31 01:15:49,18
seller,2018-03-31 01:19:58,16
seller,2018-03-31 01:21:47,15
seller,2018-03-31 01:23:21,17
seller,2018-03-31 01:25:48,14
seller,2018-03-31 01:28:34,17
seller,2018-03-31 01:32:14,18
seller,2018-03-31 01:33:44,18
seller,2018-03-31 01:38:18,18
seller,2018-03-31 01:40:19,14
seller,2018-03-31 01:41:07,17
seller,2018-03-31 02:02:33,15
seller,2018-03-31 02:04:04,13
seller,2018-03-31 02:05:42,15
buyer,2018-03-31 02:08:39,27
buyer,2018-03-31 02:31:12,25
buyer,2018-03-31 02:36:50,26
buyer,2018-03-31 02:56:23,26
buyer,2018-03-31 03:16:15,24
seller,2018-03-31 03:36:35,13
seller,2018-03-31 03:47:13,13
buyer,2018-03-31 03:50:40,25
seller,2018-03-31 04:41:36,17
buyer,2018-03-31 05:29:39,29
buyer,2018-03-31 05:50:15,19
buyer,2018-03-31 05:58:48,23
buyer,2018-03-31 06:21:29,26
buyer,2018-03-31 08:21:23,28
buyer,2018-03-31 08:27:26,33
buyer,2018-03-31 09:39:29,29
