Customer ID,Current Base Fee,# of Users,SMS Reminders,Accounting Sync,Chemical Tracking,ePayments,L12M Revenue
36,$50.00 ,3,N,Y,N,Y,"$14,187.33 "
290,$50.00 ,9,N,Y,N,Y,"$254,639.93 "
685,$50.00 ,3,Y,N,Y,Y,"$321,051.22 "
727,$30.00 ,10,N,N,Y,Y,"$6,068.19 "
927,$30.00 ,10,N,Y,N,N,"$221,256.50 "
1665,$50.00 ,2,N,Y,Y,Y,"$80,862.12 "
2043,$30.00 ,5,Y,Y,N,Y,"$457,833.71 "
3361,$30.00 ,7,N,Y,Y,N,"$128,592.62 "
4810,$30.00 ,1,N,N,N,N,"$371,712.12 "
5644,$50.00 ,10,N,Y,N,Y,"$55,547.01 "
6196,$30.00 ,5,N,N,N,N,"$29,891.78 "
8122,$50.00 ,6,Y,Y,N,Y,"$155,151.82 "
8311,$50.00 ,1,Y,Y,N,Y,"$118,913.53 "
12504,$50.00 ,1,N,Y,N,Y,"$101,023.22 "
12896,$50.00 ,14,N,N,N,N,"$473,092.15 "
12938,$30.00 ,9,N,Y,N,N,"$402,470.97 "
13172,$50.00 ,1,Y,N,N,N,"$258,089.71 "
13422,$50.00 ,2,N,Y,N,N,"$320,310.58 "
13590,$30.00 ,10,N,N,N,Y,"$162,328.86 "
14831,$50.00 ,7,N,N,Y,Y,"$87,143.77 "
15104,$50.00 ,2,N,Y,N,N,"$163,354.20 "
15233,$30.00 ,5,N,Y,N,Y,"$137,052.58 "
16322,$50.00 ,1,N,Y,N,N,"$11,759.88 "
16965,$50.00 ,3,N,N,N,Y,"$149,962.46 "
19401,$50.00 ,9,N,N,N,Y,"$92,874.48 "
23829,$50.00 ,1,N,N,N,N,"$425,649.94 "
24570,$50.00 ,1,N,Y,N,N,"$81,997.14 "
24717,$50.00 ,6,N,Y,N,Y,"$126,165.23 "
27053,$50.00 ,15,N,N,N,N,"$64,660.58 "
27131,$50.00 ,7,N,Y,N,Y,"$41,293.53 "
27808,$50.00 ,12,N,Y,N,N,"$328,379.60 "
27812,$50.00 ,7,Y,Y,N,N,"$267,738.17 "
28238,$50.00 ,15,N,Y,Y,Y,"$133,158.25 "
28588,$50.00 ,1,N,Y,N,Y,"$366,671.51 "
30212,$30.00 ,1,Y,N,N,N,"$447,846.97 "
31633,$50.00 ,3,N,Y,N,Y,"$253,425.56 "
31910,$50.00 ,1,N,N,Y,N,"$398,635.84 "
32567,$30.00 ,5,N,Y,N,Y,"$340,397.81 "
33459,$50.00 ,9,Y,Y,N,N,"$290,026.03 "
34461,$50.00 ,2,N,Y,N,N,"$53,429.45 "
38072,$50.00 ,2,N,N,N,N,"$83,639.20 "
39212,$50.00 ,10,Y,N,N,N,"$256,553.61 "
39351,$50.00 ,7,N,Y,Y,Y,"$58,188.59 "
40119,$50.00 ,1,N,Y,N,Y,"$3,818.34 "
40842,$50.00 ,1,Y,Y,Y,N,"$390,459.45 "
42585,$50.00 ,1,N,Y,N,Y,"$150,432.37 "
42812,$50.00 ,1,N,Y,N,Y,"$278,870.93 "
43305,$50.00 ,1,N,Y,N,Y,"$318,894.83 "
43404,$50.00 ,9,N,Y,N,Y,"$262,711.62 "
43997,$50.00 ,1,Y,N,N,Y,"$64,243.60 "
45445,$50.00 ,3,N,N,N,N,"$122,373.20 "
45547,$30.00 ,6,N,Y,N,N,"$318,544.36 "
45711,$50.00 ,20,N,Y,N,N,"$450,542.44 "
49203,$50.00 ,1,N,N,N,Y,"$346,203.17 "
49720,$50.00 ,14,N,Y,N,N,"$451,401.60 "
49943,$50.00 ,1,N,N,N,N,"$176,253.99 "
50323,$50.00 ,7,N,Y,Y,N,"$105,853.04 "
51855,$50.00 ,20,N,Y,Y,N,"$275,790.35 "
52904,$50.00 ,3,N,Y,N,N,"$291,843.99 "
54757,$50.00 ,2,Y,Y,N,N,"$231,164.45 "
56290,$30.00 ,2,N,N,N,Y,"$27,496.96 "
57121,$50.00 ,9,Y,N,Y,N,"$14,180.58 "
58376,$50.00 ,2,N,Y,N,N,"$298,849.48 "
58427,$50.00 ,10,N,N,N,Y,"$66,501.94 "
60132,$50.00 ,9,N,Y,N,N,"$372,237.32 "
61374,$50.00 ,2,N,Y,N,Y,"$316,127.17 "
62238,$50.00 ,1,N,Y,N,N,"$83,384.46 "
63521,$50.00 ,12,Y,N,N,Y,$332.53 
64940,$50.00 ,10,Y,Y,N,N,"$322,552.41 "
65506,$30.00 ,2,N,N,N,Y,"$417,199.28 "
65925,$50.00 ,10,Y,Y,N,Y,"$346,802.47 "
66311,$50.00 ,1,N,N,N,N,"$468,297.23 "
66325,$30.00 ,7,N,N,N,N,"$114,620.52 "
68138,$30.00 ,1,N,N,N,N,"$174,859.23 "
68502,$50.00 ,3,N,N,N,N,"$296,494.19 "
69638,$50.00 ,6,Y,Y,N,Y,"$389,442.52 "
70673,$50.00 ,7,N,Y,N,N,"$121,134.74 "
71334,$50.00 ,10,N,N,N,Y,"$392,444.99 "
71580,$50.00 ,1,Y,Y,Y,Y,"$217,080.57 "
71876,$30.00 ,1,N,N,N,Y,"$42,257.96 "
72018,$50.00 ,2,N,N,N,N,"$387,133.07 "
73180,$50.00 ,9,Y,Y,N,N,"$15,331.08 "
75647,$50.00 ,1,N,Y,N,Y,"$116,568.67 "
76571,$50.00 ,2,N,N,N,N,"$482,480.00 "
77959,$30.00 ,3,N,Y,N,N,"$295,900.03 "
78895,$30.00 ,6,N,Y,N,N,"$112,888.39 "
78993,$50.00 ,5,N,N,N,Y,"$462,682.32 "
79371,$50.00 ,3,N,N,N,N,"$260,261.72 "
79712,$30.00 ,6,N,Y,N,Y,"$21,083.07 "
83556,$50.00 ,3,N,N,N,N,"$248,927.04 "
84705,$50.00 ,9,N,N,Y,N,"$437,050.98 "
86508,$50.00 ,6,N,N,N,Y,"$237,155.47 "
87063,$50.00 ,1,N,Y,N,N,"$391,395.21 "
90517,$50.00 ,6,N,Y,N,N,"$462,229.71 "
90809,$50.00 ,10,N,Y,N,Y,"$168,673.17 "
92156,$50.00 ,10,Y,N,N,Y,"$358,707.01 "
92168,$50.00 ,1,N,N,N,N,"$304,743.68 "
92864,$50.00 ,3,Y,Y,N,Y,"$313,997.86 "
93191,$30.00 ,2,N,N,N,Y,"$163,563.38 "
94043,$50.00 ,6,Y,Y,N,Y,"$461,181.37 "
95013,$30.00 ,6,N,N,N,Y,"$447,924.08 "
96506,$50.00 ,7,N,Y,N,Y,"$23,629.92 "
96834,$50.00 ,3,Y,N,N,Y,"$300,576.52 "
99900,$30.00 ,17,N,N,N,Y,"$209,593.16 "
100055,$50.00 ,10,N,N,N,Y,"$420,966.08 "
100120,$50.00 ,3,Y,Y,Y,Y,"$118,219.34 "
100144,$50.00 ,5,N,Y,N,Y,"$201,556.18 "
101549,$50.00 ,1,N,N,Y,N,"$359,678.42 "
102042,$50.00 ,1,N,Y,N,Y,"$217,562.15 "
103304,$50.00 ,1,Y,N,Y,N,"$471,452.15 "
106146,$50.00 ,6,N,Y,N,N,"$114,558.26 "
107567,$50.00 ,1,N,N,Y,Y,"$132,808.14 "
108625,$50.00 ,1,Y,Y,N,N,"$490,597.23 "
108895,$50.00 ,2,N,Y,N,N,"$84,062.04 "
109059,$50.00 ,9,N,Y,N,Y,"$61,290.96 "
113932,$50.00 ,9,N,Y,N,N,"$261,644.23 "
114757,$50.00 ,1,N,Y,N,N,"$497,652.07 "
115940,$50.00 ,1,Y,N,N,N,"$34,036.21 "
115976,$30.00 ,9,Y,Y,N,N,"$130,643.13 "
116802,$50.00 ,7,N,Y,N,N,"$289,670.34 "
121448,$30.00 ,10,N,Y,N,N,"$332,424.36 "
121665,$30.00 ,3,Y,Y,Y,Y,"$454,512.78 "
123227,$50.00 ,1,N,Y,Y,N,"$270,051.95 "
124285,$30.00 ,6,Y,Y,N,Y,"$139,868.78 "
125575,$30.00 ,2,N,Y,N,Y,"$108,099.25 "
125903,$50.00 ,7,Y,N,N,N,"$312,961.14 "
127141,$50.00 ,3,Y,N,Y,N,"$492,560.07 "
128060,$50.00 ,1,N,Y,N,Y,"$407,952.62 "
128985,$50.00 ,1,N,N,Y,Y,"$152,947.95 "
129807,$50.00 ,3,Y,N,N,N,"$360,511.71 "
131254,$50.00 ,2,Y,Y,Y,Y,"$128,244.43 "
131627,$50.00 ,6,Y,Y,N,N,"$327,232.70 "
132634,$50.00 ,7,N,Y,N,Y,"$133,403.07 "
134436,$50.00 ,3,Y,N,N,Y,"$466,628.28 "
134588,$50.00 ,1,N,N,N,Y,"$105,043.70 "
136420,$30.00 ,7,Y,Y,N,Y,"$133,297.22 "
136723,$50.00 ,10,Y,Y,N,N,"$211,989.85 "
137757,$50.00 ,1,N,Y,N,Y,"$222,324.68 "
138309,$50.00 ,8,N,N,N,N,"$409,968.98 "
138759,$50.00 ,9,Y,N,N,Y,"$469,621.78 "
140087,$50.00 ,6,N,N,Y,N,"$454,247.67 "
140635,$50.00 ,1,N,Y,N,Y,"$487,306.94 "
142687,$50.00 ,9,N,Y,N,Y,"$221,325.13 "
143012,$30.00 ,2,Y,N,N,N,"$334,262.15 "
143524,$50.00 ,10,Y,N,N,N,"$416,820.32 "
143979,$50.00 ,8,N,N,N,Y,"$278,676.69 "
144810,$50.00 ,7,N,Y,Y,N,"$18,992.03 "
145678,$30.00 ,7,N,N,N,Y,"$207,194.68 "
146842,$30.00 ,5,N,N,N,Y,"$475,690.06 "
146984,$30.00 ,6,N,Y,N,Y,"$24,628.07 "
148144,$50.00 ,1,N,Y,Y,N,"$499,434.10 "
148195,$50.00 ,1,N,N,N,N,"$117,402.33 "
151037,$50.00 ,7,N,Y,N,N,"$1,134.09 "
152009,$50.00 ,6,N,N,N,Y,"$16,635.07 "
152800,$30.00 ,8,N,N,Y,N,"$448,261.20 "
152893,$50.00 ,17,N,Y,N,Y,"$357,204.54 "
153580,$50.00 ,5,N,Y,N,N,"$17,190.27 "
153928,$50.00 ,7,N,Y,N,N,$844.43 
153978,$50.00 ,1,N,N,N,N,"$279,502.08 "
154595,$30.00 ,2,N,Y,N,Y,"$187,783.68 "
155392,$30.00 ,5,Y,Y,N,Y,"$45,726.93 "
155969,$50.00 ,9,N,N,N,N,"$383,750.95 "
157376,$50.00 ,2,N,N,N,N,"$343,939.07 "
157588,$50.00 ,6,N,Y,N,Y,"$223,228.49 "
158476,$30.00 ,9,N,N,N,N,"$462,866.47 "
159049,$50.00 ,2,N,N,N,N,"$387,897.69 "
159268,$30.00 ,7,N,Y,N,N,"$30,438.19 "
160284,$50.00 ,7,Y,N,N,Y,"$155,098.79 "
160577,$50.00 ,2,N,Y,N,N,"$134,057.87 "
161273,$50.00 ,5,Y,Y,Y,N,"$467,075.29 "
161538,$30.00 ,7,N,Y,N,Y,"$454,004.71 "
161842,$30.00 ,1,N,N,N,Y,"$453,608.84 "
163247,$50.00 ,10,N,Y,N,Y,"$158,866.01 "
163779,$50.00 ,5,N,Y,N,Y,"$327,836.56 "
164291,$30.00 ,1,N,N,N,N,"$376,199.93 "
164300,$30.00 ,1,N,Y,N,N,"$166,306.90 "
164372,$50.00 ,7,Y,Y,N,N,"$128,221.29 "
164438,$50.00 ,1,N,N,N,Y,"$48,100.73 "
166804,$50.00 ,3,N,Y,N,N,"$240,856.28 "
169678,$50.00 ,1,N,Y,N,N,"$103,957.66 "
169957,$30.00 ,8,N,Y,N,N,"$451,862.93 "
170691,$50.00 ,9,Y,Y,N,N,"$256,269.54 "
171256,$50.00 ,8,N,N,N,N,"$413,606.34 "
172123,$30.00 ,8,N,Y,N,N,"$222,384.59 "
173133,$50.00 ,8,Y,Y,N,Y,"$12,089.06 "
176005,$50.00 ,12,N,N,N,N,"$185,469.63 "
176335,$30.00 ,7,N,Y,N,Y,"$429,492.33 "
176535,$50.00 ,1,N,N,Y,Y,"$341,827.26 "
178927,$50.00 ,17,Y,N,N,N,"$341,376.76 "
179852,$50.00 ,5,N,N,N,Y,"$17,566.05 "
181706,$50.00 ,1,N,Y,N,Y,"$61,161.38 "
182276,$30.00 ,5,N,Y,N,Y,"$220,952.50 "
182917,$50.00 ,6,Y,Y,N,N,"$269,258.86 "
183309,$50.00 ,2,N,Y,N,N,"$476,446.86 "
183671,$50.00 ,8,N,N,N,N,"$59,110.77 "
183738,$50.00 ,3,N,Y,Y,Y,"$173,843.90 "
184394,$50.00 ,20,N,Y,N,Y,"$120,385.67 "
184871,$50.00 ,6,N,N,Y,N,"$436,378.13 "
186245,$30.00 ,9,N,N,N,Y,"$468,117.43 "
186864,$50.00 ,6,Y,N,N,Y,"$256,742.02 "
187140,$50.00 ,8,N,Y,N,N,"$216,479.71 "
187997,$50.00 ,6,N,Y,N,N,"$297,026.65 "
188260,$50.00 ,1,Y,Y,N,N,"$43,454.44 "
191657,$30.00 ,5,N,N,N,N,"$12,718.48 "
192250,$50.00 ,1,Y,Y,N,N,"$15,630.00 "
192518,$50.00 ,9,N,Y,N,N,"$478,246.12 "
196398,$50.00 ,9,N,N,N,N,"$318,210.35 "
196961,$50.00 ,5,N,Y,N,N,"$98,041.48 "
199714,$50.00 ,6,N,Y,N,N,"$476,304.27 "
199846,$50.00 ,1,N,N,N,N,"$422,197.63 "
200901,$50.00 ,8,N,Y,N,N,"$463,117.73 "
203331,$50.00 ,5,N,N,N,Y,"$152,223.83 "
204206,$30.00 ,1,N,N,N,N,"$438,706.25 "
205021,$50.00 ,1,N,Y,N,N,"$140,156.26 "
205479,$50.00 ,1,N,Y,N,N,"$139,206.38 "
206777,$30.00 ,1,N,N,N,Y,"$119,292.60 "
206829,$50.00 ,7,N,Y,N,N,"$171,818.28 "
207453,$50.00 ,6,N,Y,N,Y,"$124,329.33 "
207609,$50.00 ,14,N,Y,N,Y,"$171,321.52 "
208045,$50.00 ,1,Y,Y,N,N,"$293,082.93 "
208082,$50.00 ,5,N,Y,N,N,"$491,562.38 "
208150,$50.00 ,8,Y,N,N,N,"$249,143.28 "
208530,$50.00 ,9,N,Y,N,N,"$95,069.75 "
208704,$50.00 ,8,Y,N,N,Y,"$301,565.22 "
209601,$50.00 ,2,N,N,N,N,"$220,606.10 "
209767,$50.00 ,5,N,N,N,N,"$380,228.77 "
209842,$30.00 ,1,N,N,N,N,"$112,025.17 "
210579,$50.00 ,12,N,Y,N,Y,"$259,767.59 "
211153,$30.00 ,19,N,N,N,N,"$306,663.54 "
211705,$50.00 ,1,Y,N,N,N,"$478,815.88 "
213400,$50.00 ,1,N,Y,N,Y,"$262,745.39 "
214334,$50.00 ,1,N,Y,N,Y,"$143,561.74 "
214568,$50.00 ,2,Y,Y,N,N,"$8,947.00 "
214902,$50.00 ,8,N,Y,N,N,"$322,462.98 "
215160,$50.00 ,1,N,N,N,Y,"$340,631.07 "
215432,$50.00 ,2,Y,Y,N,Y,"$118,470.00 "
216812,$50.00 ,8,N,Y,N,N,"$408,587.63 "
218861,$50.00 ,3,N,Y,Y,N,"$30,853.84 "
219756,$50.00 ,8,N,Y,N,N,"$172,091.95 "
221537,$30.00 ,5,Y,Y,N,Y,"$438,646.49 "
222619,$50.00 ,2,N,Y,N,Y,"$304,148.35 "
222784,$50.00 ,1,N,N,N,N,"$4,591.45 "
223067,$50.00 ,19,N,Y,N,N,"$145,212.67 "
223933,$50.00 ,8,Y,N,N,Y,"$239,641.19 "
224891,$50.00 ,7,N,Y,N,N,"$115,607.36 "
226259,$50.00 ,10,N,Y,N,N,"$498,462.85 "
226912,$50.00 ,1,Y,Y,N,N,"$268,906.52 "
227399,$30.00 ,8,N,Y,N,N,"$477,056.05 "
228680,$50.00 ,3,N,N,Y,Y,"$306,786.28 "
230034,$50.00 ,8,Y,N,N,N,"$290,714.66 "
230324,$50.00 ,1,N,Y,N,N,"$293,931.03 "
232202,$50.00 ,5,N,Y,Y,N,"$132,783.75 "
233848,$50.00 ,12,Y,Y,N,Y,"$429,682.63 "
235412,$30.00 ,1,N,Y,N,N,"$175,708.67 "
236360,$50.00 ,19,N,Y,N,Y,"$159,301.97 "
236393,$50.00 ,19,N,N,N,N,"$278,619.38 "
238757,$50.00 ,8,N,Y,N,Y,"$455,802.88 "
238950,$50.00 ,5,Y,Y,N,N,"$217,039.81 "
239040,$30.00 ,6,N,Y,N,Y,"$38,137.19 "
242224,$50.00 ,1,N,Y,Y,N,"$320,271.01 "
246109,$50.00 ,1,N,N,N,Y,"$58,369.74 "
246677,$50.00 ,1,N,Y,N,Y,"$441,895.63 "
247325,$50.00 ,1,Y,Y,N,Y,"$129,851.22 "
250118,$50.00 ,2,N,Y,N,N,"$84,079.44 "
250332,$30.00 ,12,N,Y,N,Y,"$242,490.06 "
251888,$50.00 ,8,N,Y,N,Y,"$130,146.45 "
252206,$30.00 ,1,N,Y,N,Y,"$118,979.29 "
252795,$50.00 ,7,Y,Y,N,N,"$37,876.28 "
253052,$50.00 ,5,N,Y,N,N,"$139,855.69 "
254408,$30.00 ,1,Y,N,N,N,"$183,214.37 "
255173,$50.00 ,1,Y,Y,N,Y,"$286,882.84 "
255654,$30.00 ,1,N,N,N,N,"$189,493.45 "
255751,$50.00 ,19,N,Y,N,Y,"$430,844.62 "
255798,$50.00 ,19,N,Y,N,N,"$294,022.07 "
256190,$50.00 ,1,N,Y,N,Y,"$470,391.15 "
260712,$50.00 ,6,Y,Y,N,N,"$472,582.84 "
262453,$50.00 ,1,N,N,N,N,"$78,501.92 "
262581,$50.00 ,12,N,N,N,Y,"$383,639.41 "
265957,$50.00 ,19,N,N,N,Y,"$325,427.59 "
268896,$50.00 ,1,N,Y,N,Y,"$34,701.70 "
269563,$50.00 ,3,N,Y,N,Y,"$403,778.86 "
270098,$30.00 ,8,N,N,N,Y,"$54,612.23 "
270648,$50.00 ,1,N,N,Y,N,"$26,580.79 "
270685,$50.00 ,6,N,N,N,Y,"$286,965.42 "
271198,$30.00 ,3,N,Y,N,N,"$180,399.71 "
271264,$30.00 ,1,Y,N,N,N,"$234,774.31 "
273809,$50.00 ,3,N,Y,N,Y,"$46,297.49 "
274230,$50.00 ,1,N,N,N,N,"$333,773.21 "
274718,$50.00 ,1,N,Y,N,Y,"$495,427.23 "
275034,$30.00 ,3,N,N,N,Y,"$473,343.12 "
275323,$30.00 ,1,N,Y,N,N,"$49,954.87 "
276004,$50.00 ,17,N,Y,Y,N,"$184,298.01 "
276222,$50.00 ,8,Y,Y,Y,N,"$287,402.09 "
276695,$50.00 ,6,Y,Y,N,Y,"$161,890.32 "
277612,$50.00 ,1,Y,N,Y,Y,"$304,030.32 "
279406,$50.00 ,1,Y,Y,N,Y,"$347,875.77 "
279988,$50.00 ,5,Y,Y,N,N,"$283,640.90 "
280514,$30.00 ,19,N,Y,N,Y,"$140,943.29 "
280758,$50.00 ,6,N,N,N,Y,"$32,115.09 "
281476,$50.00 ,2,N,Y,N,Y,"$227,593.15 "
281958,$50.00 ,3,Y,Y,N,N,"$425,982.45 "
283949,$50.00 ,6,N,Y,N,N,"$232,845.51 "
284609,$50.00 ,5,N,Y,N,Y,"$323,077.01 "
284958,$50.00 ,10,N,Y,Y,Y,"$477,724.40 "
284961,$50.00 ,1,Y,Y,N,Y,"$444,451.25 "
286479,$50.00 ,6,Y,N,N,N,"$351,827.66 "
286918,$50.00 ,5,N,N,N,N,"$64,691.36 "
287697,$50.00 ,1,N,N,N,Y,"$90,730.06 "
288155,$30.00 ,19,Y,Y,N,Y,"$280,719.03 "
288623,$50.00 ,1,N,N,N,Y,"$65,710.63 "
289761,$50.00 ,7,N,Y,Y,N,"$431,126.42 "
289833,$50.00 ,5,Y,Y,N,Y,"$298,485.74 "
294035,$50.00 ,17,N,Y,N,Y,"$185,356.37 "
295712,$50.00 ,1,N,Y,N,N,"$187,220.52 "
295901,$50.00 ,7,N,Y,N,N,"$408,526.79 "
296301,$50.00 ,6,N,Y,N,Y,"$54,646.47 "
296645,$30.00 ,14,Y,Y,N,Y,"$77,063.21 "
297040,$30.00 ,20,N,N,N,N,"$256,982.94 "
298141,$50.00 ,7,Y,N,N,N,"$250,183.36 "
298482,$50.00 ,19,N,Y,N,Y,"$95,933.92 "
298836,$50.00 ,1,N,N,N,N,"$148,069.04 "
299121,$50.00 ,1,N,N,N,N,"$64,412.29 "
299570,$50.00 ,1,N,Y,N,Y,"$108,005.31 "
300606,$50.00 ,2,N,N,N,Y,"$462,961.67 "
300766,$50.00 ,3,Y,N,N,Y,"$438,812.71 "
301323,$50.00 ,7,N,Y,Y,Y,"$269,759.26 "
304459,$50.00 ,20,N,N,N,Y,"$495,532.41 "
304746,$50.00 ,5,N,Y,N,N,"$12,204.90 "
304802,$50.00 ,6,N,N,N,N,"$221,182.70 "
306077,$30.00 ,1,N,Y,N,Y,"$423,018.38 "
306216,$50.00 ,8,N,Y,N,Y,"$10,785.80 "
306565,$50.00 ,5,Y,Y,N,Y,"$119,426.15 "
306649,$50.00 ,1,Y,Y,Y,Y,"$159,642.11 "
306837,$50.00 ,1,N,N,N,Y,"$356,696.48 "
307866,$50.00 ,1,N,Y,N,N,"$306,693.57 "
308604,$50.00 ,2,N,Y,N,N,"$181,234.47 "
311896,$50.00 ,1,N,Y,N,N,"$390,833.74 "
312436,$50.00 ,6,Y,Y,N,Y,"$305,693.69 "
313089,$30.00 ,5,Y,Y,N,N,"$391,472.70 "
313660,$50.00 ,19,N,N,N,N,"$269,721.60 "
313865,$50.00 ,3,Y,N,N,Y,"$140,891.50 "
314286,$50.00 ,8,N,Y,Y,Y,"$453,542.66 "
315145,$50.00 ,1,N,N,Y,N,"$194,545.95 "
317770,$50.00 ,1,Y,Y,N,N,"$169,105.35 "
318107,$50.00 ,2,Y,N,N,Y,"$437,555.56 "
318191,$50.00 ,8,Y,Y,N,N,"$222,453.67 "
320263,$50.00 ,1,N,Y,N,N,"$472,022.12 "
321629,$30.00 ,19,N,Y,N,N,"$211,933.99 "
322652,$50.00 ,3,N,Y,N,Y,"$185,520.30 "
323221,$50.00 ,6,N,Y,N,N,"$476,403.66 "
324308,$50.00 ,15,N,Y,N,Y,"$306,287.54 "
324695,$50.00 ,1,N,N,N,Y,"$299,594.47 "
326843,$50.00 ,10,N,N,N,Y,"$19,161.91 "
327034,$50.00 ,2,N,Y,N,N,"$26,307.43 "
327632,$30.00 ,19,N,Y,Y,N,"$295,778.46 "
329165,$50.00 ,3,Y,Y,N,N,"$223,930.35 "
329711,$50.00 ,1,Y,Y,N,Y,"$107,788.16 "
329871,$50.00 ,2,Y,Y,N,Y,"$379,718.80 "
330924,$30.00 ,3,N,Y,N,Y,"$138,348.79 "
331614,$50.00 ,6,N,Y,N,N,"$159,838.75 "
336372,$50.00 ,1,N,Y,N,Y,"$325,271.34 "
336537,$30.00 ,1,Y,Y,N,Y,"$394,892.16 "
336782,$50.00 ,6,N,N,N,N,"$464,980.03 "
337297,$50.00 ,5,N,N,N,N,"$447,880.26 "
338404,$50.00 ,19,N,Y,N,N,"$422,448.12 "
339629,$50.00 ,19,Y,Y,N,Y,"$261,120.56 "
339633,$50.00 ,8,Y,Y,N,N,"$310,242.72 "
340950,$50.00 ,5,Y,N,N,Y,"$250,104.63 "
341561,$30.00 ,1,N,Y,N,N,"$254,427.06 "
345408,$50.00 ,19,Y,N,N,N,"$2,144.05 "
345615,$50.00 ,8,N,Y,N,N,"$117,086.85 "
348892,$30.00 ,7,Y,N,N,N,"$75,928.94 "
349143,$50.00 ,3,Y,Y,Y,N,"$247,320.02 "
349309,$50.00 ,6,N,N,N,Y,"$43,480.44 "
349971,$50.00 ,1,N,Y,N,Y,"$38,821.61 "
353205,$30.00 ,7,Y,N,N,Y,"$233,717.71 "
353229,$50.00 ,1,N,Y,Y,Y,"$334,289.95 "
353776,$50.00 ,1,N,N,N,Y,"$494,171.89 "
353982,$50.00 ,1,N,Y,N,Y,"$416,172.92 "
354160,$50.00 ,7,Y,Y,N,N,"$368,575.79 "
354424,$50.00 ,8,Y,N,Y,N,"$356,925.71 "
355198,$50.00 ,5,N,Y,N,N,"$455,716.28 "
355306,$30.00 ,1,N,Y,N,Y,"$456,413.88 "
355618,$50.00 ,1,N,Y,N,Y,"$491,946.13 "
363539,$30.00 ,1,N,Y,N,Y,"$434,552.34 "
364000,$30.00 ,19,N,Y,N,N,"$139,163.14 "
365275,$30.00 ,6,N,Y,N,N,"$379,159.79 "
365279,$30.00 ,2,Y,Y,N,N,"$377,722.27 "
366615,$30.00 ,7,N,Y,N,N,"$187,322.75 "
366639,$50.00 ,2,N,N,Y,N,"$50,884.16 "
367053,$50.00 ,5,Y,Y,N,N,"$1,495.57 "
367596,$50.00 ,5,N,Y,N,N,"$32,342.54 "
367619,$50.00 ,19,N,N,N,N,"$432,665.92 "
368939,$50.00 ,5,N,Y,N,Y,"$363,421.73 "
369141,$50.00 ,7,N,Y,N,N,"$463,804.00 "
370097,$50.00 ,19,N,Y,N,Y,"$119,975.73 "
370649,$30.00 ,14,N,N,Y,Y,"$38,864.50 "
372557,$30.00 ,1,Y,N,N,N,"$135,883.93 "
374341,$50.00 ,3,Y,Y,N,N,"$418,086.66 "
374913,$50.00 ,1,N,N,N,Y,"$85,160.44 "
375156,$30.00 ,6,N,N,N,N,"$95,142.91 "
375398,$50.00 ,2,N,Y,N,Y,"$315,798.29 "
376741,$30.00 ,10,N,Y,N,Y,"$473,787.67 "
377410,$50.00 ,7,N,Y,N,Y,"$213,487.01 "
377535,$50.00 ,19,N,N,N,Y,"$55,241.50 "
378028,$50.00 ,10,N,N,N,N,"$105,285.34 "
381616,$30.00 ,5,N,N,N,N,"$207,828.95 "
383980,$50.00 ,7,Y,Y,N,Y,"$73,919.48 "
384134,$50.00 ,3,N,Y,N,N,"$22,322.49 "
384638,$50.00 ,19,N,Y,N,Y,"$362,522.18 "
384755,$50.00 ,1,Y,Y,N,Y,"$475,477.38 "
385385,$30.00 ,2,N,Y,N,Y,"$419,091.76 "
387136,$50.00 ,5,N,Y,N,N,"$246,927.56 "
388670,$30.00 ,7,N,Y,N,Y,"$250,938.68 "
388838,$30.00 ,5,Y,N,N,N,"$54,929.06 "
388949,$50.00 ,6,Y,Y,N,N,"$415,458.11 "
389173,$50.00 ,7,N,N,N,N,"$79,689.13 "
389328,$50.00 ,1,Y,Y,N,N,"$135,776.42 "
389889,$50.00 ,2,Y,N,N,Y,"$5,223.92 "
390418,$50.00 ,5,Y,Y,N,N,"$193,623.35 "
391029,$50.00 ,6,N,Y,N,Y,"$417,942.41 "
393135,$50.00 ,2,Y,Y,N,N,"$199,567.54 "
394649,$50.00 ,3,Y,Y,N,N,"$12,007.22 "
396569,$50.00 ,6,Y,Y,N,Y,"$452,410.99 "
398515,$50.00 ,7,Y,Y,N,N,"$127,359.87 "
400718,$30.00 ,7,N,Y,Y,Y,"$223,746.28 "
401289,$50.00 ,6,N,Y,N,N,"$374,366.00 "
402427,$50.00 ,6,Y,Y,N,N,"$396,334.52 "
404070,$50.00 ,6,N,Y,N,N,"$96,370.22 "
404154,$30.00 ,5,N,N,N,N,"$326,675.72 "
404574,$50.00 ,7,N,N,N,N,"$426,273.65 "
404836,$50.00 ,1,N,Y,N,N,"$54,862.52 "
406624,$50.00 ,5,N,Y,N,Y,"$222,275.50 "
406939,$50.00 ,8,Y,Y,N,Y,"$63,136.94 "
407144,$50.00 ,5,N,Y,N,N,"$76,070.25 "
407216,$50.00 ,17,N,Y,N,N,"$89,559.98 "
407260,$50.00 ,1,N,Y,N,Y,"$333,165.07 "
408518,$50.00 ,3,N,Y,N,Y,"$261,338.18 "
408842,$30.00 ,8,N,N,N,Y,"$85,932.32 "
409026,$30.00 ,3,N,N,N,N,"$492,865.89 "
409800,$50.00 ,19,N,Y,N,Y,"$345,478.91 "
412779,$50.00 ,6,N,N,N,Y,"$157,311.38 "
413761,$50.00 ,10,N,Y,N,Y,"$9,597.91 "
414787,$50.00 ,6,N,Y,N,Y,"$82,529.65 "
415483,$30.00 ,2,N,Y,N,Y,"$243,355.97 "
415979,$50.00 ,1,N,Y,Y,Y,"$73,400.29 "
417077,$30.00 ,2,N,Y,N,Y,"$115,711.07 "
419716,$50.00 ,7,Y,Y,N,N,"$379,350.27 "
419894,$50.00 ,7,N,N,N,N,"$487,989.46 "
420633,$50.00 ,8,N,Y,Y,Y,"$258,450.59 "
420695,$50.00 ,1,Y,Y,N,N,"$156,880.16 "
422491,$50.00 ,8,Y,N,N,N,"$391,342.77 "
422675,$50.00 ,3,N,N,N,N,"$28,453.09 "
422948,$50.00 ,1,N,N,N,Y,"$270,704.87 "
425495,$50.00 ,2,N,N,N,Y,"$44,465.18 "
425890,$50.00 ,10,N,Y,N,Y,"$174,149.26 "
426165,$30.00 ,1,Y,N,N,Y,"$27,618.87 "
426772,$50.00 ,8,N,N,Y,N,"$261,449.47 "
427890,$50.00 ,5,Y,Y,N,N,"$70,824.47 "
428341,$50.00 ,13,N,Y,N,N,"$94,036.25 "
429649,$50.00 ,6,Y,Y,N,N,"$412,160.27 "
430276,$30.00 ,2,N,Y,N,N,"$188,219.03 "
431106,$50.00 ,8,N,Y,Y,Y,"$320,608.18 "
431143,$30.00 ,2,N,N,Y,Y,"$240,365.49 "
434524,$50.00 ,3,Y,N,N,N,"$351,756.37 "
434647,$50.00 ,5,Y,Y,N,N,"$79,136.62 "
437488,$50.00 ,2,N,N,N,N,"$305,441.62 "
437859,$50.00 ,1,Y,Y,N,N,"$188,164.92 "
437956,$50.00 ,1,N,Y,N,N,"$199,103.99 "
438678,$50.00 ,19,Y,Y,N,Y,"$203,575.56 "
439378,$50.00 ,6,N,Y,Y,N,"$433,373.24 "
440487,$50.00 ,11,N,N,N,Y,"$417,585.88 "
441197,$50.00 ,8,N,Y,N,Y,"$405,527.60 "
442208,$50.00 ,1,N,Y,N,N,"$244,354.09 "
446330,$30.00 ,2,Y,N,N,Y,"$33,145.71 "
448751,$30.00 ,6,N,Y,N,Y,"$140,659.02 "
450267,$50.00 ,5,N,N,N,N,"$430,842.04 "
450661,$50.00 ,6,N,N,N,N,"$412,046.61 "
450712,$30.00 ,11,N,Y,N,Y,"$223,694.58 "
451731,$50.00 ,7,N,N,N,Y,"$365,505.63 "
452074,$30.00 ,5,N,N,N,Y,"$436,983.45 "
452290,$50.00 ,3,N,Y,N,Y,"$446,649.64 "
454519,$50.00 ,1,N,Y,N,N,"$418,221.71 "
455086,$50.00 ,1,N,N,N,N,"$126,564.49 "
455128,$50.00 ,8,Y,N,N,N,"$404,848.05 "
458119,$50.00 ,6,Y,N,N,N,"$306,617.61 "
458365,$30.00 ,11,N,Y,N,N,"$221,039.08 "
460707,$50.00 ,1,Y,Y,N,N,"$237,760.61 "
461170,$50.00 ,5,N,N,N,Y,"$487,713.46 "
463035,$50.00 ,1,N,Y,N,Y,"$465,844.01 "
465148,$50.00 ,6,N,Y,N,Y,"$77,308.87 "
465233,$50.00 ,8,Y,N,N,N,"$487,324.05 "
466088,$50.00 ,7,N,Y,N,N,"$169,305.76 "
467071,$50.00 ,8,N,Y,N,N,"$275,793.20 "
467139,$30.00 ,6,N,Y,Y,Y,"$30,128.71 "
468143,$50.00 ,19,Y,N,N,Y,"$439,335.32 "
471518,$30.00 ,1,N,Y,N,Y,"$129,166.88 "
471817,$50.00 ,3,N,Y,N,N,"$83,876.24 "
471861,$50.00 ,3,Y,Y,N,Y,"$376,123.48 "
473355,$50.00 ,1,Y,N,N,Y,"$17,928.72 "
475130,$50.00 ,19,N,N,N,Y,"$114,394.66 "
475611,$50.00 ,2,Y,Y,Y,N,"$406,385.20 "
477954,$50.00 ,8,Y,Y,N,Y,"$463,377.98 "
478294,$50.00 ,11,N,Y,N,Y,"$153,595.57 "
478911,$50.00 ,7,N,Y,N,N,"$22,522.01 "
479039,$50.00 ,8,N,N,N,N,"$185,657.53 "
479913,$50.00 ,8,Y,Y,N,N,"$396,828.12 "
480192,$50.00 ,2,N,N,N,Y,"$221,078.64 "
480394,$50.00 ,19,N,Y,N,Y,"$20,917.72 "
482626,$50.00 ,6,N,Y,Y,N,"$449,172.05 "
485803,$50.00 ,11,N,N,N,N,"$279,013.45 "
486123,$50.00 ,15,N,Y,N,Y,"$497,263.25 "
486427,$50.00 ,1,N,Y,N,Y,"$70,472.29 "
487512,$50.00 ,5,N,N,N,Y,"$439,803.36 "
488494,$50.00 ,2,Y,N,N,Y,"$147,374.17 "
488616,$50.00 ,2,N,Y,N,N,"$85,631.28 "
491379,$50.00 ,19,N,N,N,N,"$292,906.90 "
491908,$50.00 ,1,Y,N,N,N,"$47,338.15 "
495204,$50.00 ,1,N,N,N,N,"$40,940.09 "
498071,$30.00 ,8,N,Y,N,N,"$353,445.69 "
499780,$50.00 ,6,Y,N,N,Y,"$410,102.51 "
500315,$50.00 ,20,Y,N,N,Y,"$37,274.28 "
500389,$50.00 ,1,N,Y,N,Y,"$413,995.71 "
505262,$50.00 ,1,N,Y,N,Y,"$364,063.36 "
506760,$50.00 ,1,Y,Y,N,Y,"$451,632.72 "
506875,$50.00 ,3,N,Y,Y,Y,"$202,518.33 "
509641,$30.00 ,1,N,Y,N,Y,"$158,453.97 "
510329,$50.00 ,6,N,Y,N,Y,"$260,645.82 "
512364,$50.00 ,1,Y,Y,N,N,"$280,571.21 "
512907,$50.00 ,3,Y,Y,N,N,"$378,579.71 "
513025,$50.00 ,8,Y,Y,N,N,"$326,365.23 "
513663,$50.00 ,8,N,Y,N,Y,"$447,148.99 "
514234,$50.00 ,5,N,N,N,Y,"$284,119.65 "
514270,$50.00 ,1,Y,N,N,N,"$76,310.25 "
515025,$50.00 ,20,Y,Y,N,N,"$406,099.53 "
515358,$50.00 ,11,N,N,Y,Y,"$21,429.43 "
516118,$50.00 ,2,N,Y,Y,Y,"$331,504.18 "
516528,$30.00 ,3,N,Y,N,Y,"$371,130.49 "
516609,$50.00 ,2,N,N,N,Y,"$363,374.73 "
516684,$30.00 ,3,Y,N,N,Y,"$43,348.37 "
517165,$50.00 ,8,N,Y,Y,N,"$100,784.75 "
519417,$50.00 ,19,Y,N,N,Y,"$159,886.16 "
520319,$50.00 ,6,N,Y,N,N,"$426,223.22 "
520764,$50.00 ,7,N,Y,N,N,"$449,043.62 "
520900,$50.00 ,2,N,Y,N,N,"$436,635.93 "
522208,$30.00 ,1,N,N,N,Y,"$445,746.36 "
524156,$30.00 ,2,N,N,N,N,"$485,233.46 "
526159,$30.00 ,7,N,Y,N,Y,"$151,204.82 "
528778,$50.00 ,3,N,Y,N,N,"$278,290.43 "
528997,$50.00 ,1,N,N,N,Y,"$484,773.10 "
531718,$50.00 ,3,N,N,N,N,"$372,513.62 "
533029,$50.00 ,1,N,N,N,Y,"$477,360.49 "
535179,$50.00 ,2,Y,Y,N,N,"$161,501.20 "
535259,$30.00 ,7,Y,Y,N,N,"$17,808.97 "
535522,$30.00 ,5,N,Y,N,Y,"$393,175.22 "
539657,$50.00 ,3,Y,Y,N,N,"$246,990.40 "
540229,$50.00 ,7,N,N,N,N,"$342,563.39 "
540336,$50.00 ,8,N,Y,N,N,"$164,639.70 "
541219,$50.00 ,8,N,Y,N,N,"$25,374.67 "
541491,$50.00 ,7,N,Y,N,Y,"$131,756.70 "
542397,$30.00 ,2,Y,Y,N,N,"$204,498.16 "
546750,$50.00 ,7,N,Y,N,N,"$123,627.33 "
546998,$50.00 ,1,Y,Y,N,N,"$94,666.83 "
548224,$50.00 ,2,N,Y,N,Y,"$475,626.35 "
548588,$50.00 ,6,Y,N,N,Y,"$272,442.14 "
549353,$50.00 ,6,N,Y,N,Y,"$2,098.60 "
550466,$30.00 ,5,Y,Y,N,Y,"$246,376.10 "
550732,$50.00 ,1,N,Y,N,N,"$392,812.65 "
551243,$50.00 ,1,N,N,N,Y,"$74,254.42 "
551795,$50.00 ,7,Y,N,N,N,"$202,370.14 "
553581,$50.00 ,11,N,Y,N,N,"$257,308.62 "
555132,$30.00 ,1,N,Y,Y,N,"$109,262.67 "
556011,$50.00 ,6,N,Y,Y,Y,"$277,466.06 "
556294,$50.00 ,1,Y,N,N,Y,"$187,490.92 "
556574,$50.00 ,19,N,Y,N,N,"$396,074.20 "
557435,$50.00 ,7,N,N,Y,Y,"$418,334.36 "
560194,$50.00 ,11,N,Y,N,N,"$109,499.72 "
563379,$50.00 ,5,N,Y,N,Y,"$467,365.59 "
564358,$50.00 ,3,Y,N,N,N,"$61,617.32 "
564933,$50.00 ,19,Y,N,N,Y,"$384,554.77 "
564960,$50.00 ,3,N,N,N,N,"$317,188.74 "
566670,$50.00 ,6,N,Y,N,Y,"$448,991.38 "
567294,$50.00 ,1,N,N,Y,N,"$403,294.73 "
568161,$30.00 ,1,N,N,N,Y,"$265,485.22 "
568800,$50.00 ,19,N,Y,N,N,"$467,056.42 "
569592,$50.00 ,6,N,N,N,Y,"$413,115.35 "
569602,$50.00 ,2,Y,Y,N,Y,"$270,660.90 "
570641,$30.00 ,1,N,Y,Y,Y,"$120,092.26 "
572241,$30.00 ,1,Y,Y,Y,N,"$229,431.92 "
573068,$50.00 ,1,N,Y,Y,N,"$339,991.47 "
573252,$50.00 ,1,N,N,N,N,"$319,386.29 "
576275,$30.00 ,6,N,Y,N,Y,"$192,743.72 "
577206,$50.00 ,14,N,Y,N,Y,"$157,412.69 "
577986,$50.00 ,7,N,Y,N,N,"$495,385.88 "
581361,$50.00 ,11,N,Y,N,N,"$383,577.21 "
583002,$50.00 ,19,N,Y,N,Y,"$294,602.61 "
583067,$50.00 ,5,N,N,N,N,"$274,649.55 "
584428,$50.00 ,2,N,N,N,Y,"$382,982.58 "
585977,$30.00 ,19,N,Y,N,Y,"$431,954.54 "
588390,$50.00 ,1,N,Y,N,N,"$51,850.58 "
588636,$50.00 ,8,N,Y,N,N,"$177,111.88 "
589108,$50.00 ,2,N,Y,N,N,"$404,432.38 "
590243,$50.00 ,1,Y,Y,N,N,"$132,373.60 "
591277,$50.00 ,5,Y,Y,N,N,"$365,924.66 "
592748,$50.00 ,3,N,N,N,N,"$438,231.08 "
593541,$50.00 ,1,N,N,N,N,"$451,237.15 "
593809,$50.00 ,1,N,N,N,N,"$396,188.94 "
594496,$50.00 ,8,N,N,N,N,"$291,536.40 "
595529,$50.00 ,6,Y,Y,N,N,"$209,558.19 "
597285,$50.00 ,1,Y,Y,N,Y,"$482,335.61 "
597790,$50.00 ,2,Y,Y,N,Y,"$99,804.92 "
599483,$50.00 ,1,N,N,N,N,"$352,574.07 "
600849,$50.00 ,5,N,N,N,N,"$146,629.12 "
601342,$50.00 ,1,N,Y,N,Y,"$207,670.20 "
601937,$50.00 ,1,Y,Y,N,Y,"$403,636.10 "
603806,$50.00 ,2,Y,N,N,N,"$232,294.69 "
604070,$50.00 ,2,N,Y,N,N,"$323,767.19 "
605127,$50.00 ,6,Y,N,N,Y,"$490,069.31 "
605891,$50.00 ,2,N,Y,N,Y,"$117,253.75 "
607361,$50.00 ,7,Y,N,N,Y,"$158,543.35 "
610877,$50.00 ,8,Y,N,N,Y,"$311,768.92 "
611715,$30.00 ,8,Y,Y,N,N,"$52,627.64 "
613759,$50.00 ,1,Y,Y,N,Y,"$404,421.08 "
614526,$50.00 ,11,N,N,N,N,"$437,079.55 "
615962,$50.00 ,1,N,N,N,Y,"$325,191.62 "
619088,$50.00 ,1,N,Y,N,N,"$337,914.82 "
619302,$30.00 ,6,N,Y,N,N,"$202,284.64 "
621171,$50.00 ,6,Y,N,N,N,"$115,755.17 "
624376,$30.00 ,2,N,N,N,Y,"$436,043.92 "
628977,$50.00 ,3,Y,Y,Y,Y,"$359,546.79 "
631577,$50.00 ,3,Y,Y,N,N,"$326,067.60 "
631608,$50.00 ,2,Y,N,N,N,"$466,579.54 "
632525,$50.00 ,3,N,N,N,Y,"$456,899.01 "
632738,$50.00 ,19,N,N,N,Y,"$489,017.62 "
633134,$50.00 ,3,N,Y,N,Y,"$88,241.39 "
633506,$50.00 ,13,N,Y,Y,N,"$301,270.04 "
635561,$30.00 ,1,Y,Y,N,N,"$92,750.04 "
636123,$50.00 ,1,N,Y,N,Y,"$452,202.35 "
641520,$50.00 ,3,N,Y,N,Y,"$138,068.50 "
645588,$30.00 ,19,N,Y,N,N,"$331,683.37 "
646294,$50.00 ,8,N,N,N,Y,"$46,787.61 "
647373,$50.00 ,1,N,Y,Y,N,"$207,020.48 "
647508,$50.00 ,1,N,Y,N,N,"$331,223.78 "
647954,$30.00 ,1,N,N,N,N,"$458,555.39 "
648013,$30.00 ,1,N,Y,N,Y,"$38,215.52 "
648414,$50.00 ,5,N,Y,N,Y,"$304,739.17 "
649269,$50.00 ,10,Y,N,N,N,"$490,179.69 "
650791,$30.00 ,11,N,Y,N,Y,"$375,034.40 "
653833,$50.00 ,8,N,N,Y,N,"$135,128.62 "
654140,$30.00 ,2,N,N,N,Y,"$137,284.02 "
654253,$50.00 ,10,N,N,N,Y,"$256,160.14 "
656357,$50.00 ,8,Y,N,N,Y,"$265,176.71 "
658479,$50.00 ,1,Y,N,N,Y,"$17,114.62 "
659140,$50.00 ,6,N,Y,N,Y,"$368,399.38 "
659999,$50.00 ,6,Y,Y,N,N,"$415,410.99 "
661993,$30.00 ,20,N,Y,N,N,"$486,365.45 "
664160,$50.00 ,6,N,Y,N,Y,"$392,340.32 "
664432,$50.00 ,6,N,N,N,N,"$120,869.63 "
664936,$30.00 ,8,N,Y,N,N,"$282,503.20 "
667365,$30.00 ,13,N,N,N,Y,"$51,217.88 "
668311,$50.00 ,3,N,Y,N,Y,"$6,144.97 "
668986,$50.00 ,1,N,N,N,N,"$487,099.81 "
669030,$50.00 ,6,Y,N,N,N,"$44,084.06 "
670021,$30.00 ,8,Y,N,N,N,"$30,686.16 "
670262,$50.00 ,8,N,N,N,N,"$242,085.55 "
670922,$50.00 ,8,Y,Y,Y,Y,"$281,223.61 "
672691,$50.00 ,3,N,N,N,N,"$135,140.65 "
674493,$50.00 ,19,Y,Y,Y,N,"$414,959.66 "
675453,$50.00 ,19,Y,N,N,Y,"$118,086.22 "
676781,$50.00 ,2,N,N,Y,N,"$30,943.45 "
676888,$50.00 ,6,Y,N,N,Y,"$256,134.67 "
678948,$50.00 ,19,N,Y,N,N,"$165,654.25 "
678951,$50.00 ,11,Y,Y,Y,N,"$184,419.69 "
679825,$30.00 ,3,N,N,N,Y,"$467,002.27 "
682575,$50.00 ,19,N,N,N,N,"$243,900.50 "
683872,$30.00 ,6,N,N,N,Y,"$295,792.23 "
683907,$50.00 ,8,N,N,N,N,"$387,591.72 "
683978,$50.00 ,1,Y,N,Y,N,"$291,509.38 "
685319,$30.00 ,1,N,Y,N,Y,"$100,243.28 "
686859,$50.00 ,1,Y,Y,N,N,"$61,933.74 "
688676,$50.00 ,19,N,N,N,N,"$205,195.89 "
688723,$50.00 ,5,Y,Y,N,N,"$190,462.36 "
691610,$30.00 ,5,N,Y,N,N,"$89,325.46 "
692078,$30.00 ,2,Y,N,N,N,"$130,363.84 "
692435,$50.00 ,1,N,Y,N,N,"$400,086.51 "
694802,$50.00 ,10,N,Y,N,Y,"$96,403.22 "
695080,$50.00 ,8,Y,N,N,N,"$372,326.52 "
695133,$50.00 ,3,N,Y,N,N,"$19,793.04 "
695283,$50.00 ,19,Y,Y,N,Y,"$218,354.02 "
696679,$50.00 ,17,N,Y,Y,N,"$179,623.89 "
698882,$50.00 ,1,N,N,N,N,"$246,295.77 "
699128,$50.00 ,1,Y,Y,N,N,"$270,772.12 "
702954,$50.00 ,5,N,N,N,N,"$227,428.09 "
706274,$30.00 ,19,N,Y,N,Y,"$365,745.84 "
706314,$50.00 ,1,N,Y,N,N,"$330,941.70 "
706909,$50.00 ,6,N,N,N,N,"$355,972.11 "
707048,$50.00 ,10,N,N,N,Y,"$155,285.27 "
707591,$50.00 ,10,N,Y,N,N,"$413,971.26 "
707855,$50.00 ,2,N,Y,N,N,"$238,309.99 "
707862,$50.00 ,1,N,N,N,N,"$463,572.76 "
709211,$50.00 ,5,N,Y,N,N,"$94,003.73 "
709602,$50.00 ,10,N,N,N,Y,"$322,897.37 "
709651,$50.00 ,1,Y,Y,N,N,"$206,488.94 "
709799,$50.00 ,10,N,Y,N,Y,"$79,458.57 "
710925,$50.00 ,8,N,N,N,Y,"$465,059.57 "
711487,$50.00 ,2,N,Y,N,Y,"$121,009.83 "
711889,$50.00 ,1,Y,N,N,Y,"$37,752.01 "
714774,$50.00 ,1,N,Y,N,Y,"$256,922.14 "
715582,$50.00 ,1,N,Y,N,N,"$279,424.95 "
716506,$50.00 ,20,N,Y,N,N,"$66,905.65 "
716523,$50.00 ,6,N,Y,N,Y,"$16,851.75 "
717528,$50.00 ,14,N,Y,N,N,"$4,800.77 "
717662,$50.00 ,1,N,Y,N,Y,"$296,749.04 "
718044,$30.00 ,19,N,Y,N,N,"$373,407.13 "
719147,$50.00 ,6,N,Y,N,N,"$71,529.08 "
720068,$50.00 ,1,N,N,N,N,"$483,148.08 "
721109,$50.00 ,1,N,Y,N,Y,"$218,481.15 "
722037,$50.00 ,5,N,N,N,N,"$213,006.26 "
724149,$50.00 ,2,N,Y,N,Y,"$490,091.95 "
727792,$50.00 ,1,N,N,N,Y,"$455,779.12 "
729346,$30.00 ,19,N,N,Y,N,"$429,371.86 "
731378,$30.00 ,19,N,N,N,Y,"$120,769.37 "
732471,$50.00 ,1,N,Y,N,N,"$335,329.05 "
732755,$30.00 ,2,N,Y,N,Y,"$49,572.10 "
733432,$30.00 ,20,N,Y,N,Y,"$148,143.17 "
734469,$50.00 ,6,N,N,N,Y,"$260,649.15 "
735633,$50.00 ,2,N,Y,N,N,"$137,982.49 "
736449,$50.00 ,19,Y,Y,N,Y,"$429,035.60 "
736682,$50.00 ,3,N,N,N,N,"$64,741.39 "
737156,$50.00 ,10,N,N,N,Y,"$371,186.57 "
738031,$50.00 ,10,Y,Y,N,N,"$5,685.63 "
738053,$50.00 ,2,Y,N,N,Y,"$182,059.50 "
738402,$50.00 ,3,N,N,N,N,"$109,489.63 "
738661,$50.00 ,1,N,Y,N,N,"$448,885.44 "
740913,$30.00 ,1,N,N,N,Y,"$136,546.99 "
741163,$30.00 ,1,N,Y,N,Y,"$225,375.09 "
743571,$30.00 ,1,Y,Y,N,Y,"$20,431.38 "
743851,$50.00 ,5,Y,Y,Y,Y,"$318,027.87 "
745104,$50.00 ,10,N,Y,N,Y,"$82,594.94 "
745438,$30.00 ,1,N,Y,N,N,"$135,240.79 "
747467,$50.00 ,1,N,N,Y,N,"$188,773.32 "
747770,$50.00 ,10,Y,Y,Y,N,"$47,377.35 "
749698,$30.00 ,10,N,Y,N,N,"$27,150.40 "
750630,$50.00 ,10,N,N,N,N,"$97,610.47 "
752619,$50.00 ,11,Y,Y,N,N,"$30,935.01 "
753089,$50.00 ,5,Y,Y,N,Y,"$228,749.46 "
754093,$50.00 ,11,N,N,N,Y,"$63,657.32 "
754627,$30.00 ,3,Y,N,Y,Y,"$12,060.90 "
755823,$50.00 ,11,Y,Y,N,Y,"$97,190.00 "
756474,$30.00 ,10,N,Y,N,N,"$27,478.45 "
758777,$30.00 ,1,N,N,N,N,"$474,164.60 "
759276,$30.00 ,5,N,Y,N,N,"$146,504.82 "
759962,$50.00 ,10,N,N,N,Y,"$399,847.74 "
760195,$50.00 ,3,N,Y,N,N,"$107,259.50 "
762554,$50.00 ,2,N,Y,N,N,"$325,769.15 "
763516,$50.00 ,3,N,Y,N,N,"$232,370.58 "
765139,$50.00 ,1,N,N,N,N,"$81,826.53 "
767284,$50.00 ,5,N,Y,N,Y,"$456,990.47 "
768488,$50.00 ,1,N,N,Y,N,"$98,903.59 "
769541,$50.00 ,1,Y,Y,Y,N,"$351,181.34 "
770751,$50.00 ,1,N,Y,N,N,"$349,758.11 "
771538,$50.00 ,1,N,Y,N,N,"$76,801.89 "
771607,$50.00 ,1,Y,Y,N,N,"$406,609.82 "
771972,$50.00 ,8,N,Y,N,N,"$212,023.72 "
773973,$50.00 ,10,N,Y,N,Y,"$410,860.77 "
774283,$50.00 ,1,N,Y,N,N,"$393,790.99 "
774596,$50.00 ,10,N,Y,N,N,"$337,564.46 "
775348,$30.00 ,2,Y,Y,N,Y,"$434,672.64 "
775985,$50.00 ,1,N,Y,N,N,"$13,650.75 "
776388,$30.00 ,5,N,Y,N,Y,"$384,002.18 "
777129,$50.00 ,1,N,Y,N,Y,"$293,152.01 "
777374,$50.00 ,6,N,Y,N,Y,"$378,107.42 "
778273,$30.00 ,10,N,N,N,Y,"$176,764.69 "
781426,$50.00 ,1,Y,Y,N,N,"$233,648.73 "
781819,$50.00 ,1,N,Y,N,N,"$203,776.29 "
781950,$50.00 ,20,N,Y,N,N,"$256,922.19 "
783804,$30.00 ,1,Y,N,Y,N,"$26,442.83 "
785197,$50.00 ,11,N,N,N,N,"$251,671.67 "
785509,$50.00 ,8,Y,Y,N,N,"$283,413.16 "
787374,$50.00 ,10,Y,Y,N,N,"$337,669.05 "
789317,$30.00 ,15,N,N,N,Y,"$441,866.27 "
789473,$50.00 ,2,N,Y,Y,Y,"$74,630.37 "
789779,$50.00 ,2,Y,Y,N,Y,"$108,590.82 "
790780,$50.00 ,10,Y,Y,N,N,"$409,867.34 "
791580,$50.00 ,1,N,N,N,Y,"$325,401.71 "
792257,$30.00 ,3,N,N,Y,N,"$378,603.90 "
792834,$50.00 ,1,N,N,N,N,"$382,587.01 "
794636,$50.00 ,2,Y,N,N,Y,"$90,925.07 "
796391,$50.00 ,6,Y,Y,N,N,"$76,973.47 "
796591,$50.00 ,10,N,Y,N,Y,"$34,658.78 "
799348,$50.00 ,10,N,N,N,N,"$77,456.26 "
799835,$50.00 ,11,N,Y,N,N,"$259,312.83 "
801525,$50.00 ,20,N,Y,N,Y,"$285,570.66 "
801769,$50.00 ,1,Y,N,N,Y,"$370,414.73 "
801780,$30.00 ,8,N,N,N,Y,"$294,716.74 "
802160,$50.00 ,2,N,N,N,Y,"$477,874.04 "
803711,$50.00 ,1,N,Y,N,N,"$227,184.67 "
804138,$50.00 ,17,N,Y,N,N,"$220,000.13 "
804906,$50.00 ,1,Y,Y,N,Y,"$409,520.45 "
805419,$30.00 ,8,N,Y,N,Y,"$386,820.34 "
806129,$50.00 ,12,N,Y,N,Y,"$160,155.71 "
806922,$50.00 ,1,Y,N,N,N,"$339,098.75 "
809155,$50.00 ,1,N,Y,N,N,"$128,147.94 "
812230,$50.00 ,20,Y,Y,N,Y,"$340,930.50 "
815340,$50.00 ,5,N,Y,N,Y,"$122,870.45 "
815374,$50.00 ,1,N,Y,N,Y,"$77,911.70 "
816093,$50.00 ,10,N,Y,N,N,"$391,971.78 "
816215,$50.00 ,1,N,N,N,N,"$492,601.93 "
817037,$30.00 ,17,N,N,N,Y,"$300,743.60 "
817779,$50.00 ,8,Y,Y,N,Y,"$168,212.14 "
818102,$30.00 ,1,N,Y,N,N,"$347,600.97 "
818459,$50.00 ,15,N,Y,N,N,"$416,358.66 "
818979,$30.00 ,1,N,N,N,Y,"$352,716.04 "
819479,$50.00 ,1,Y,N,Y,N,"$433,481.32 "
819713,$50.00 ,8,N,Y,N,Y,"$494,152.44 "
821689,$50.00 ,11,Y,Y,N,Y,"$377,931.96 "
821771,$50.00 ,6,N,Y,N,Y,"$385,601.23 "
823183,$30.00 ,2,Y,Y,Y,Y,"$347,098.91 "
823384,$50.00 ,17,Y,Y,N,Y,"$222,614.72 "
824635,$50.00 ,4,N,Y,Y,N,"$139,770.94 "
824755,$30.00 ,1,N,Y,N,Y,"$66,217.50 "
826305,$30.00 ,4,N,Y,N,Y,"$53,360.96 "
828627,$50.00 ,8,Y,N,Y,N,"$221,717.89 "
828999,$50.00 ,6,N,Y,N,Y,"$423,564.85 "
830218,$30.00 ,10,Y,N,N,N,"$154,863.57 "
832001,$50.00 ,17,N,Y,N,Y,"$162,352.68 "
832671,$50.00 ,1,N,N,N,N,"$454,221.05 "
832941,$50.00 ,1,N,Y,Y,N,"$303,365.78 "
833257,$50.00 ,8,N,Y,N,Y,"$304,479.54 "
834305,$50.00 ,2,N,N,N,N,"$74,489.08 "
834928,$30.00 ,6,N,N,N,N,"$385,883.09 "
835854,$50.00 ,10,N,Y,N,N,"$167,105.95 "
836543,$50.00 ,1,N,Y,N,N,"$224,418.40 "
837595,$50.00 ,6,Y,Y,N,N,"$324,865.25 "
839252,$50.00 ,10,Y,N,N,Y,"$290,483.26 "
839301,$50.00 ,4,Y,N,N,Y,"$377,617.27 "
840323,$50.00 ,4,Y,Y,N,Y,"$173,068.55 "
841061,$30.00 ,1,Y,N,Y,N,"$332,721.22 "
841069,$50.00 ,5,N,N,N,Y,"$30,563.26 "
842676,$50.00 ,5,Y,N,N,N,"$211,047.64 "
843102,$30.00 ,1,N,Y,N,Y,"$315,363.20 "
843970,$30.00 ,4,Y,Y,N,Y,"$234,406.44 "
845488,$50.00 ,1,N,N,N,Y,"$67,455.09 "
846292,$50.00 ,4,N,N,Y,Y,"$100,170.85 "
847168,$50.00 ,10,N,Y,N,Y,"$167,492.66 "
847592,$50.00 ,10,N,Y,N,Y,"$48,478.76 "
850566,$50.00 ,8,N,Y,N,Y,"$496,315.85 "
850608,$50.00 ,6,N,N,N,N,"$365,195.77 "
852989,$50.00 ,1,N,Y,N,Y,"$467,539.40 "
853484,$30.00 ,6,Y,Y,Y,Y,"$464,381.24 "
854826,$50.00 ,1,Y,N,Y,N,"$58,436.35 "
855396,$50.00 ,4,Y,N,N,Y,"$1,477.56 "
856386,$50.00 ,2,N,Y,N,Y,"$403,090.22 "
857077,$30.00 ,1,N,Y,N,Y,"$384,846.75 "
857287,$50.00 ,2,Y,N,N,N,"$181,916.00 "
858115,$50.00 ,2,N,Y,N,Y,"$254,900.37 "
858175,$50.00 ,8,N,Y,Y,N,"$295,996.59 "
858387,$50.00 ,10,Y,Y,Y,N,"$212,599.16 "
858575,$50.00 ,4,Y,Y,N,N,"$238,092.26 "
859174,$50.00 ,1,N,Y,N,N,"$285,934.38 "
860067,$50.00 ,5,N,N,N,N,"$193,775.37 "
860310,$50.00 ,1,N,Y,N,N,"$261,332.32 "
860443,$50.00 ,8,N,Y,N,N,"$112,386.83 "
860499,$50.00 ,6,N,Y,N,Y,"$421,749.89 "
860595,$50.00 ,1,N,N,N,Y,"$198,132.99 "
861618,$50.00 ,5,N,Y,N,N,"$349,580.39 "
864817,$50.00 ,11,N,N,N,Y,"$467,615.20 "
867894,$50.00 ,4,N,Y,N,N,"$325,380.99 "
868188,$50.00 ,2,N,Y,N,Y,"$121,992.50 "
869187,$50.00 ,10,Y,N,N,N,"$103,624.79 "
872575,$50.00 ,8,Y,N,N,Y,"$312,126.16 "
873891,$50.00 ,2,N,Y,N,N,"$412,543.91 "
874808,$50.00 ,1,Y,Y,N,N,"$412,896.62 "
877115,$50.00 ,1,Y,Y,N,N,"$383,732.18 "
877638,$30.00 ,20,N,Y,N,N,"$381,319.65 "
877717,$30.00 ,5,Y,Y,N,N,"$193,083.09 "
878124,$50.00 ,5,Y,Y,N,Y,"$241,024.66 "
878280,$30.00 ,12,N,Y,N,N,"$236,041.78 "
879363,$50.00 ,1,N,Y,N,Y,"$73,501.26 "
879541,$50.00 ,8,Y,Y,N,N,"$120,354.45 "
881647,$50.00 ,10,N,Y,N,N,"$239,716.86 "
882778,$30.00 ,1,Y,Y,Y,N,"$5,628.05 "
884153,$50.00 ,15,N,Y,N,Y,"$348,465.33 "
884630,$50.00 ,4,N,Y,N,N,"$23,801.65 "
884690,$50.00 ,4,N,Y,N,N,"$439,133.22 "
885309,$30.00 ,5,N,Y,N,N,"$350,236.00 "
886169,$50.00 ,1,N,Y,N,N,"$483,865.80 "
886528,$50.00 ,17,N,Y,N,Y,"$135,537.04 "
887699,$50.00 ,1,Y,N,N,Y,"$193,559.00 "
887932,$50.00 ,5,N,Y,N,Y,"$51,977.57 "
890260,$30.00 ,4,N,N,N,Y,"$465,028.04 "
894849,$50.00 ,10,Y,Y,Y,N,"$370,513.54 "
895434,$30.00 ,1,N,Y,N,N,"$296,097.18 "
895541,$50.00 ,8,Y,N,N,N,"$149,140.74 "
895570,$30.00 ,8,N,N,Y,Y,"$246,757.01 "
895878,$50.00 ,1,N,Y,N,Y,"$104,669.92 "
897279,$30.00 ,1,Y,N,N,Y,"$460,407.28 "
897354,$50.00 ,1,N,Y,N,N,"$113,951.94 "
898589,$50.00 ,2,Y,Y,N,N,"$333,472.30 "
898732,$50.00 ,1,N,Y,N,N,"$91,207.43 "
899132,$50.00 ,6,N,Y,N,N,"$202,557.32 "
899343,$30.00 ,4,N,Y,N,Y,"$184,024.95 "
900065,$50.00 ,10,N,Y,N,N,"$429,906.81 "
901503,$50.00 ,4,N,Y,N,N,"$65,340.10 "
902092,$50.00 ,10,N,N,N,Y,"$228,494.45 "
902837,$30.00 ,2,N,Y,N,N,"$482,038.67 "
903637,$30.00 ,10,N,N,N,Y,"$434,876.35 "
903681,$50.00 ,1,Y,Y,Y,N,"$384,553.93 "
906081,$50.00 ,11,N,N,N,N,"$273,466.91 "
906487,$50.00 ,10,Y,Y,N,Y,"$485,010.33 "
908100,$50.00 ,11,N,N,N,N,"$437,366.35 "
908424,$50.00 ,1,N,Y,N,Y,"$359,883.70 "
908436,$50.00 ,10,N,Y,Y,N,"$377,800.03 "
912915,$50.00 ,10,N,N,N,N,"$416,749.66 "
913021,$50.00 ,1,N,Y,N,N,"$58,636.04 "
913310,$50.00 ,20,N,Y,N,Y,"$471,675.80 "
915740,$50.00 ,1,N,N,Y,N,"$235,607.81 "
915938,$50.00 ,2,Y,Y,N,Y,"$330,746.46 "
916074,$30.00 ,8,N,Y,N,N,"$126,942.14 "
916393,$50.00 ,2,N,Y,N,N,"$473,239.98 "
916417,$50.00 ,10,N,Y,N,Y,"$393,070.38 "
917366,$50.00 ,8,N,N,N,Y,"$236,007.18 "
918040,$50.00 ,2,N,N,N,Y,"$222,225.21 "
918303,$50.00 ,10,N,Y,N,Y,"$206,094.75 "
920893,$50.00 ,2,Y,N,N,Y,"$231,537.02 "
921643,$50.00 ,1,N,Y,N,N,"$378,714.54 "
922325,$50.00 ,2,N,N,N,N,"$44,924.32 "
922427,$50.00 ,10,Y,N,N,N,"$396,120.52 "
924040,$50.00 ,11,N,N,N,Y,"$362,482.81 "
924766,$50.00 ,17,N,Y,N,Y,"$450,183.08 "
925041,$50.00 ,10,Y,N,N,N,$354.72 
925589,$50.00 ,5,Y,Y,N,Y,"$257,311.04 "
929143,$50.00 ,5,Y,Y,N,Y,"$491,211.48 "
929285,$30.00 ,6,N,Y,N,N,"$364,430.81 "
929351,$50.00 ,1,Y,Y,Y,N,"$218,042.63 "
930750,$50.00 ,8,N,N,N,N,"$457,956.39 "
931683,$30.00 ,5,N,Y,N,Y,"$117,832.13 "
932722,$50.00 ,1,N,Y,N,Y,"$162,347.25 "
933423,$50.00 ,4,N,N,N,Y,"$377,325.30 "
934234,$50.00 ,8,N,Y,N,N,"$442,373.87 "
934271,$50.00 ,6,N,Y,N,Y,"$275,591.47 "
934273,$50.00 ,10,Y,Y,N,Y,"$392,848.14 "
934372,$50.00 ,2,Y,Y,N,N,"$61,085.71 "
936192,$50.00 ,14,N,Y,N,Y,"$106,031.39 "
938071,$50.00 ,5,Y,Y,N,Y,"$490,920.66 "
939185,$30.00 ,5,N,N,N,Y,"$411,493.19 "
941435,$30.00 ,2,N,Y,N,N,"$310,836.32 "
943328,$50.00 ,10,N,Y,N,Y,"$151,458.81 "
943956,$50.00 ,1,Y,N,N,N,"$172,050.72 "
944016,$50.00 ,8,N,Y,N,Y,"$407,012.60 "
944050,$50.00 ,8,N,Y,N,Y,"$204,091.69 "
946529,$50.00 ,2,N,Y,N,Y,"$325,483.16 "
947516,$30.00 ,6,N,N,N,N,"$265,493.44 "
948370,$50.00 ,10,N,N,N,Y,"$239,148.11 "
949020,$30.00 ,5,Y,Y,N,Y,"$16,377.29 "
949167,$30.00 ,10,Y,Y,Y,Y,"$2,897.00 "
957050,$50.00 ,2,Y,N,N,N,"$28,103.35 "
958255,$30.00 ,6,N,Y,N,N,"$197,809.31 "
958256,$50.00 ,2,N,Y,N,Y,"$365,382.49 "
958947,$50.00 ,4,N,N,N,N,"$493,246.96 "
959618,$50.00 ,11,N,Y,N,N,"$138,866.14 "
959986,$50.00 ,10,N,Y,Y,Y,"$43,178.07 "
961966,$50.00 ,4,N,Y,N,N,"$108,559.57 "
963150,$50.00 ,17,N,Y,N,N,"$148,443.59 "
966089,$50.00 ,11,N,Y,N,N,"$155,424.91 "
966155,$50.00 ,8,Y,Y,N,N,"$34,514.28 "
966633,$50.00 ,10,N,Y,N,Y,"$3,815.37 "
966921,$50.00 ,6,N,Y,N,Y,"$287,279.17 "
967101,$30.00 ,10,N,Y,N,Y,"$430,281.81 "
968311,$30.00 ,2,Y,Y,N,Y,"$109,624.14 "
968766,$50.00 ,2,Y,N,N,N,"$429,913.39 "
971144,$30.00 ,6,Y,Y,N,N,"$297,612.33 "
971957,$50.00 ,10,N,Y,N,Y,"$431,618.64 "
971984,$30.00 ,5,N,Y,Y,Y,"$360,041.93 "
971985,$50.00 ,2,N,N,N,N,"$26,399.86 "
973457,$50.00 ,3,N,N,N,N,"$181,596.18 "
973750,$50.00 ,1,Y,N,N,Y,"$157,877.46 "
975268,$50.00 ,10,Y,Y,N,Y,"$368,565.01 "
975312,$50.00 ,10,Y,Y,N,N,"$468,714.89 "
976050,$50.00 ,6,N,Y,N,N,"$169,156.51 "
976875,$50.00 ,1,N,N,N,Y,"$44,291.14 "
977490,$50.00 ,3,Y,Y,N,Y,"$312,635.46 "
979006,$50.00 ,10,N,N,N,N,"$435,143.12 "
979629,$30.00 ,4,Y,N,Y,Y,"$260,408.97 "
981420,$30.00 ,10,N,N,N,N,"$260,863.75 "
982199,$50.00 ,8,N,N,Y,Y,"$134,693.23 "
982749,$30.00 ,1,N,Y,N,Y,"$377,263.95 "
984696,$50.00 ,6,N,N,N,N,"$488,829.65 "
985553,$50.00 ,1,N,N,Y,N,"$39,321.23 "
986879,$50.00 ,3,N,Y,N,N,$317.65 
987303,$50.00 ,11,Y,N,Y,N,"$476,984.77 "
988732,$50.00 ,1,Y,N,N,Y,"$337,107.14 "
989255,$50.00 ,8,N,Y,N,N,"$303,344.34 "
989573,$50.00 ,10,N,Y,N,Y,"$182,249.03 "
989759,$30.00 ,10,Y,N,N,N,"$121,676.21 "
990387,$30.00 ,10,Y,Y,N,Y,"$301,990.07 "
994316,$50.00 ,2,Y,N,N,N,"$450,523.20 "
995850,$30.00 ,2,N,N,N,N,"$286,023.06 "
997761,$50.00 ,11,Y,N,Y,Y,"$319,449.03 "
998511,$50.00 ,1,Y,N,N,Y,"$449,916.17 "