memberId,recency,frequency,monetary_value,r_quartile,f_quartile,m_quartile,RFMScore
37189,648,5,39289,8,6,2,862
38072,615,6,2939,6,5,6,656
44644,597,8,6255,5,2,3,523
48359,566,7,10443,2,3,3,233
53315,593,5,6252,5,6,4,564
61335,567,7,7600,2,3,3,233
64071,642,5,4129,8,6,5,865
71174,638,4,144888,7,8,1,781
75611,568,5,7046,3,6,3,363
77068,570,3,132910,3,9,1,391
79161,558,4,2494,1,8,7,187
80599,602,7,4586,5,3,4,534
86054,582,6,2725,4,5,6,456
94274,556,4,2818,1,8,6,186
95273,558,9,13036,1,1,2,112
98474,614,3,952,6,9,10,6910
100357,699,6,34848,9,5,2,952
100619,551,10,2887,1,1,6,116
101578,615,8,4362,6,2,4,624
102194,611,8,4365,6,2,4,624
104413,568,7,3841,3,3,5,335
106736,565,9,63080,2,1,1,211
111551,627,4,1376,7,8,9,789
116498,570,6,74095,3,5,1,351
117476,656,5,2162,8,6,7,867
122423,595,3,3769,5,9,5,595
122464,605,5,2171,6,6,7,667
122909,558,8,3018,1,2,6,126
123149,631,6,2458,7,5,7,757
126012,809,3,1588,10,9,8,1098
131694,576,5,16027,3,6,2,362
137346,732,2,927,10,10,10,101010
152033,555,7,15182,1,3,2,132
153326,666,3,3763,9,9,5,995
155158,555,7,3297,1,3,6,136
156633,676,2,962,9,10,10,91010
156653,598,9,149197,5,1,1,511
162236,556,8,35984,1,2,2,122
166795,581,3,848,4,9,10,4910
167965,604,8,7017,6,2,3,623
173362,579,6,88925,4,5,1,451
174305,733,2,1371,10,10,9,10109
179354,565,8,3624,2,2,5,225
180415,563,7,146161,2,3,1,231
184382,633,6,8533,7,5,3,753
185691,609,3,2574,6,9,7,697
188799,644,7,3147,8,3,6,836
193232,608,7,72891,6,3,1,631
194138,636,4,8428,7,8,3,783
201117,579,6,44073,4,5,2,452
208518,685,6,2571,9,5,7,957
210519,608,3,846,6,9,10,6910
216673,837,3,1697,10,9,8,1098
221258,870,1,1710,10,10,8,10108
223622,687,5,5871,9,6,4,964
231607,603,5,1234,6,6,9,669
231932,551,12,23885,1,1,2,112
233030,742,1,351,10,10,10,101010
234613,610,3,899,6,9,10,6910
235644,580,8,90845,4,2,1,421
235859,570,8,4681,3,2,4,324
236809,579,7,2754,4,3,6,436
242117,708,2,717,9,10,10,91010
243729,570,5,2556,3,6,7,367
245639,634,4,2648,7,8,6,786
255258,558,4,1006,1,8,9,189
255758,561,3,8427,2,9,3,293
257776,630,6,6046,7,5,4,754
259485,806,3,4512,10,9,4,1094
263477,608,4,2193,6,8,7,687
263902,557,8,3174,1,2,6,126
264807,561,7,2533,2,3,7,237
267210,600,2,838,5,10,10,51010
272320,649,3,15918,8,9,2,892
279123,768,3,2484,10,9,7,1097
281189,567,6,3843,2,5,5,255
284371,688,4,797,9,8,10,9810
285722,579,9,6997,4,1,3,413
286042,868,1,590,10,10,10,101010
286661,696,2,572,9,10,10,91010
287444,578,5,1290,4,6,9,469
288447,558,9,27666,1,1,2,112
295348,559,7,3135,2,3,6,236
295498,603,5,21200,6,6,2,662
296205,572,8,12253,3,2,2,322
301655,597,6,4193,5,5,5,555
302098,607,7,94682,6,3,1,631
303040,569,4,33621,3,8,2,382
303278,644,4,1093,8,8,9,889
304441,591,6,6484,5,5,3,553
304529,582,5,2215,4,6,7,467
305656,650,6,3152,8,5,6,856
307042,697,2,1427,9,10,9,9109
307230,558,10,3057,1,1,6,116
308169,590,5,5903,5,6,4,564
310092,714,5,2943,10,6,6,1066
310646,564,7,2922,2,3,6,236
313077,561,6,28173,2,5,2,252
313823,558,6,11211,1,5,3,153
315855,568,2,2227,3,10,7,3107
317197,591,6,3388,5,5,6,556
318889,638,8,3649,7,2,5,725
321263,565,5,1795,2,6,8,268
321782,682,3,1057,9,9,9,999
322768,574,10,92310,3,1,1,311
325546,618,2,809,6,10,10,61010
325681,746,3,780,10,9,10,10910
326535,660,10,6862,8,1,3,813
327346,551,7,90727,1,3,1,131
328311,616,6,5234,6,5,4,654
329226,619,2,873,7,10,10,71010
330669,570,8,10156,3,2,3,323
331642,627,3,577,7,9,10,7910
331678,653,4,11991,8,8,2,882
335373,582,4,947,4,8,10,4810
336184,605,7,1999,6,3,8,638
337207,600,8,3985,5,2,5,525
342052,600,7,1822,5,3,8,538
342487,582,9,3750,4,1,5,415
342821,906,1,936,10,10,10,101010
342910,564,4,66665,2,8,1,281
343948,637,10,4611,7,1,4,714
344229,828,2,626,10,10,10,101010
344476,562,10,10078,2,1,3,213
344851,638,5,12105,7,6,2,762
345703,615,6,3678,6,5,5,655
347988,774,5,34908,10,6,2,1062
351396,564,9,21116,2,1,2,212
352076,590,6,3731,5,5,5,555
353765,611,5,2067,6,6,7,667
355436,672,6,2155,9,5,7,957
355647,734,5,4960,10,6,4,1064
357171,577,5,8578,3,6,3,363
357304,740,4,1310,10,8,9,1089
357559,574,7,8306,3,3,3,333
358834,839,2,56874,10,10,1,10101
358990,554,4,1480,1,8,9,189
361486,621,5,1336,7,6,9,769
361872,721,9,2646,10,1,6,1016
363269,654,5,1394,8,6,9,869
363332,610,7,4545,6,3,4,634
363693,615,6,4630,6,5,4,654
364532,581,3,2388,4,9,7,497
366929,613,5,4156,6,6,5,665
368401,576,3,3868,3,9,5,395
374011,645,3,1914,8,9,8,898
376295,555,4,1042,1,8,9,189
377676,565,2,3550,2,10,5,2105
379049,567,5,2884,2,6,6,266
384025,576,4,2331,3,8,7,387
384042,572,8,7758,3,2,3,323
387202,578,5,13817,4,6,2,462
387415,619,10,4649,7,1,4,714
387659,573,4,2699,3,8,6,386
390046,596,4,2544,5,8,7,587
393420,570,8,44703,3,2,2,322
393792,694,2,969,9,10,10,91010
393981,669,5,1541,9,6,8,968
396586,578,8,50959,4,2,1,421
807407,560,4,1315,2,8,9,289
1122261,582,3,284948,4,9,1,491
1193172,605,5,2165,6,6,7,667
1225811,686,4,8489,9,8,3,983
1552400,672,6,5896,9,5,4,954
1669121,566,4,43074,2,8,2,282
1743276,601,6,3475,5,5,5,555
1782692,568,7,105221,3,3,1,331
1794145,562,8,75846,2,2,1,221
1911343,614,5,2429,6,6,7,667
2216172,664,1,231,8,10,10,81010
3012315,681,4,925,9,8,10,9810
3016228,568,8,3589,3,2,5,325
4017564,624,7,8944,7,3,3,733
4065192,624,7,4270,7,3,5,735
4067850,554,3,1158,1,9,9,199
4074120,723,6,1709,10,5,8,1058
4087243,564,5,24696,2,6,2,262
4123605,553,3,1077,1,9,9,199
4131288,709,5,1453,9,6,9,969
4159976,567,6,2771,2,5,6,256
4167306,646,5,2587,8,6,7,867
4197655,630,2,1428,7,10,9,7109
4222784,621,9,3782,7,1,5,715
4232500,592,5,4458,5,6,4,564
4247875,560,6,48280,2,5,1,251
4248008,715,3,1535,10,9,8,1098
4252914,601,6,22964,5,5,2,552
4256254,562,7,10400,2,3,3,233
4262343,567,7,4491,2,3,4,234
4264176,619,6,4361,7,5,4,754
4265550,827,2,351,10,10,10,101010
4275456,705,6,2658,9,5,6,956
4291223,751,3,35968,10,9,2,1092
4302656,581,4,2719,4,8,6,486
4326115,787,4,7984,10,8,3,1083
4352284,656,6,4203,8,5,5,855
4361160,550,9,7647,1,1,3,113
4365512,723,2,628,10,10,10,101010
4379961,555,8,5250,1,2,4,124
4409327,575,5,2156,3,6,7,367
4423471,592,6,3942,5,5,5,555
4434122,695,5,3772,9,6,5,965
4444229,598,8,7167,5,2,3,523
4447455,593,9,39534,5,1,2,512
4447751,648,4,1554,8,8,8,888
4448075,590,4,6572,5,8,3,583
4471095,618,7,13569,6,3,2,632
4488216,606,10,23452,6,1,2,612
4522679,628,10,4650,7,1,4,714
4542435,590,4,2503,5,8,7,587
4559528,715,4,1862,10,8,8,1088
4578424,579,2,1529,4,10,8,4108
4634494,602,4,3788,5,8,5,585
4640020,596,6,3892,5,5,5,555
4658067,600,4,1292,5,8,9,589
4665359,584,6,6669,4,5,3,453
4687080,759,6,3618,10,5,5,1055
4697273,599,8,7151,5,2,3,523
4700614,552,2,1645,1,10,8,1108
4728925,626,8,41482,7,2,2,722
4730490,647,3,9797,8,9,3,893
4739643,562,7,2138,2,3,7,237
4742096,627,7,3455,7,3,5,735
4743995,617,7,38220,6,3,2,632
4756106,712,6,2597,9,5,7,957
4760382,605,5,4118,6,6,5,665
4803186,618,5,3317,6,6,6,666
4803939,663,6,2592,8,5,7,857
4805152,602,4,2736,5,8,6,586
4820097,602,5,33101,5,6,2,562
4842220,635,4,1638,7,8,8,788
4846543,608,5,3755,6,6,5,665
4852928,633,5,2334,7,6,7,767
4855915,765,2,1798,10,10,8,10108
4871395,572,7,7141,3,3,3,333
4898614,561,2,24910,2,10,2,2102
4905705,707,2,1524,9,10,8,9108
4945799,596,4,50743,5,8,1,581
4951678,821,1,105,10,10,10,101010
4978333,656,1,4258,8,10,5,8105
4981702,613,7,10415,6,3,3,633
4984938,554,1,604,1,10,10,11010
4995340,585,5,4081,4,6,5,465
5012939,655,4,2482,8,8,7,887
5108959,666,4,40817,9,8,2,982
5110754,614,3,2754,6,9,6,696
5151477,570,5,97686,3,6,1,361
5216508,553,7,2165,1,3,7,137
5227570,643,7,4151,8,3,5,835
5249797,555,7,100724,1,3,1,131
5264466,673,3,2058,9,9,7,997
5274735,613,1,312,6,10,10,61010
5284193,656,4,19665,8,8,2,882
5287362,570,7,35154,3,3,2,332
5290521,635,4,1827,7,8,8,788
5290673,676,5,4738,9,6,4,964
5317539,663,6,2503,8,5,7,857
5349511,560,2,799,2,10,10,21010
5366785,583,4,59111,4,8,1,481
5385491,704,6,7594,9,5,3,953
5391131,629,3,2220,7,9,7,797
5397440,567,6,5447,2,5,4,254
5414456,571,6,2383,3,5,7,357
5430509,566,7,4863,2,3,4,234
5446934,565,8,4053,2,2,5,225
5449310,706,6,2526,9,5,7,957
5458396,562,6,2167,2,5,7,257
5465420,625,6,10039,7,5,3,753
5468789,604,6,3041,6,5,6,656
5472836,656,2,744,8,10,10,81010
5473084,559,5,1249,2,6,9,269
5475107,787,3,1076,10,9,9,1099
5483344,610,8,43189,6,2,2,622
5507718,578,5,8299,4,6,3,463
5508902,688,2,1292,9,10,9,9109
5515153,552,3,1402,1,9,9,199
5521719,613,11,36408,6,1,2,612
5524000,561,5,2440,2,6,7,267
5547392,556,6,4758,1,5,4,154
5548470,592,3,1130,5,9,9,599
5560849,619,3,2891,7,9,6,796
5573332,580,6,3064,4,5,6,456
5577025,553,4,7065,1,8,3,183
5640998,623,3,4728,7,9,4,794
5645559,618,3,1384,6,9,9,699
5650141,624,6,55357,7,5,1,751
5681291,692,4,2568,9,8,7,987
5820870,565,8,23397,2,2,2,222
5825766,608,2,986,6,10,10,61010
5863053,604,6,3624,6,5,5,655
5874040,578,8,44914,4,2,1,421
5886674,553,2,626,1,10,10,11010
5889384,633,5,2092,7,6,7,767
5897239,636,4,3927,7,8,5,785
5903834,562,8,13918,2,2,2,222
5910228,592,3,1027,5,9,9,599
5915821,694,5,1901,9,6,8,968
5920049,591,5,3053,5,6,6,566
5942152,557,3,3236,1,9,6,196
5947611,569,3,7606,3,9,3,393
5948012,612,5,2837,6,6,6,666
5951266,610,7,5284,6,3,4,634
5954015,583,4,1500,4,8,9,489
5956516,767,3,70099,10,9,1,1091
5961545,618,6,1980,6,5,8,658
5965095,692,6,4661,9,5,4,954
5975460,562,8,4004,2,2,5,225
5979260,564,5,2519,2,6,7,267
5979993,653,1,378,8,10,10,81010
5989060,582,8,6323,4,2,3,423
5989146,565,6,4598,2,5,4,254
5999510,567,5,1590,2,6,8,268
6007250,592,5,1738,5,6,8,568
6012108,557,4,2543,1,8,7,187
6036159,577,8,7817,3,2,3,323
6043002,717,5,16164,10,6,2,1062
6045702,675,6,3194,9,5,6,956
6051591,629,4,2077,7,8,7,787
6070297,591,2,1324,5,10,9,5109
6077426,553,5,10511,1,6,3,163
6094004,665,9,15530,8,1,2,812
6112156,582,8,6981,4,2,3,423
6122501,579,2,1702,4,10,8,4108
6139680,607,4,2035,6,8,8,688
6165124,677,5,3738,9,6,5,965
6170927,603,4,45252,6,8,1,681
6184574,640,6,2484,8,5,7,857
6205943,681,8,4162,9,2,5,925
6255590,554,4,1707,1,8,8,188
6264570,670,2,1257,9,10,9,9109
6273761,630,3,1954,7,9,8,798
6286941,621,3,11814,7,9,2,792
6313521,591,3,2214,5,9,7,597
6316613,572,5,2881,3,6,6,366
6317262,680,5,1861,9,6,8,968
6333639,579,6,67627,4,5,1,451
6345416,640,4,6965,8,8,3,883
6361736,599,5,2780,5,6,6,566
6370382,591,5,4184,5,6,5,565
6378924,592,10,75416,5,1,1,511
6380594,615,8,3259,6,2,6,626
6382417,557,9,92293,1,1,1,111
6385309,600,4,4854,5,8,4,584
6387934,600,4,904,5,8,10,5810
6391532,574,8,3877,3,2,5,325
6391722,575,6,2213,3,5,7,357
6397783,561,9,2807,2,1,6,216
6418054,567,10,4383,2,1,4,214
6419743,576,5,1514,3,6,8,368
6430155,632,7,10095,7,3,3,733
6463274,625,5,78106,7,6,1,761
6472243,595,5,3984,5,6,5,565
6533362,624,4,1445,7,8,9,789
6539069,588,8,53709,4,2,1,421
6540596,612,6,3782,6,5,5,655
6565525,561,4,1562,2,8,8,288
6568550,761,2,3698,10,10,5,10105
6589460,569,4,2916,3,8,6,386
6594862,591,6,2408,5,5,7,557
6608653,572,5,52707,3,6,1,361
6610716,564,6,2326,2,5,7,257
6641684,604,8,3346,6,2,6,626
6641818,550,7,112827,1,3,1,131
6645626,591,3,818,5,9,10,5910
6664074,618,1,842,6,10,10,61010
6683629,601,5,1449,5,6,9,569
6690109,709,6,2939,9,5,6,956
6701810,554,6,76547,1,5,1,151
6723513,587,5,2245,4,6,7,467
6741598,739,8,2882,10,2,6,1026
6786397,583,6,3739,4,5,5,455
6792075,587,5,37308,4,6,2,462
6795206,595,7,65846,5,3,1,531
6813167,628,2,1230,7,10,9,7109
6827445,657,1,400,8,10,10,81010
6833371,563,8,5682,2,2,4,224
6834831,581,8,10433,4,2,3,423
6868225,621,3,8323,7,9,3,793
6909579,644,3,982,8,9,10,8910
6913511,610,6,2449,6,5,7,657
6962718,570,10,5004,3,1,4,314
6980356,709,4,34312,9,8,2,982
7007699,565,4,3742,2,8,5,285
7018971,600,7,4212,5,3,5,535
7027083,582,3,5413,4,9,4,494
7032446,552,13,8871,1,1,3,113
7035138,650,4,2353,8,8,7,887
7035338,706,4,9091,9,8,3,983
7040950,568,6,9157,3,5,3,353
7047316,551,4,3576,1,8,5,185
7065439,568,4,4184,3,8,5,385
7065945,583,6,3234,4,5,6,456
7067806,596,6,2084,5,5,7,557
7073132,631,5,1733,7,6,8,768
7098566,596,4,57928,5,8,1,581
7106525,593,8,11223,5,2,3,523
7110820,646,6,61418,8,5,1,851
7114771,703,3,498,9,9,10,9910
7163989,551,3,1656,1,9,8,198
7172292,616,5,1886,6,6,8,668
7189070,604,4,1053,6,8,9,689
7195979,660,8,52080,8,2,1,821
7221566,572,11,22475,3,1,2,312
7269037,865,1,1565,10,10,8,10108
7288946,659,5,7192,8,6,3,863
7290988,608,5,1209,6,6,9,669
7300245,608,2,755,6,10,10,61010
7300570,786,2,31021,10,10,2,10102
7309465,691,3,733,9,9,10,9910
7310534,561,7,5468,2,3,4,234
7314275,612,7,3947,6,3,5,635
7334689,588,5,65984,4,6,1,461
7340177,598,8,4330,5,2,4,524
7344309,669,4,1627,9,8,8,988
7348050,647,8,6381,8,2,3,823
7359341,718,4,1456,10,8,9,1089
7364914,724,5,1692,10,6,8,1068
7425660,627,6,55822,7,5,1,751
7435042,572,5,1691,3,6,8,368
7463597,557,6,1824,1,5,8,158
7539938,699,3,5013,9,9,4,994
7566670,552,11,5706,1,1,4,114
7593049,562,12,4874,2,1,4,214
7599167,668,6,3985,9,5,5,955
7613187,664,4,1845,8,8,8,888
7619676,785,5,19017,10,6,2,1062
7625536,609,7,25649,6,3,2,632
7639661,753,2,760,10,10,10,101010
7642114,621,5,1930,7,6,8,768
7650932,588,4,130620,4,8,1,481
7676128,553,6,5336,1,5,4,154
7732150,591,8,53938,5,2,1,521
7735691,612,5,90705,6,6,1,661
7780222,563,9,79658,2,1,1,211
7792801,590,5,2459,5,6,7,567
7800751,662,5,4437,8,6,4,864
7811755,562,6,3116,2,5,6,256
7814112,553,8,46840,1,2,1,121
7838029,564,10,6168,2,1,4,214
7844070,559,9,6263,2,1,3,213
7848346,571,7,2739,3,3,6,336
7856048,564,4,2823,2,8,6,286
7859560,645,4,7254,8,8,3,883
7859856,576,7,2461,3,3,7,337
7869399,563,5,2269,2,6,7,267
7871595,594,3,484,5,9,10,5910
7883877,687,1,511,9,10,10,91010
7884087,611,11,272988,6,1,1,611
7884316,611,7,5201,6,3,4,634
7918579,635,5,2842,7,6,6,766
7932551,567,6,3098,2,5,6,256
7937246,636,10,38044,7,1,2,712
7937361,587,4,2880,4,8,6,486
7972606,575,6,2745,3,5,6,356
7976414,553,7,3603,1,3,5,135
7979000,565,5,5998,2,6,4,264
7985004,759,4,1978,10,8,8,1088
8039947,557,8,4393,1,2,4,124
8065420,660,8,3447,8,2,5,825
8076252,570,5,9626,3,6,3,363
8086655,700,4,4253,9,8,5,985
8112900,552,9,71891,1,1,1,111
8115544,704,5,1657,9,6,8,968
8120134,605,6,4932,6,5,4,654
8122138,571,4,1221,3,8,9,389
8155255,708,3,133494,9,9,1,991
8157746,707,1,174,9,10,10,91010
8172663,552,9,4544,1,1,4,114
8173913,577,4,4376,3,8,4,384
8191369,661,7,3028,8,3,6,836
8211029,584,6,11934,4,5,2,452
8211774,618,1,396,6,10,10,61010
8225832,640,7,59173,8,3,1,831
8231157,555,7,26378,1,3,2,132
8236569,553,3,1716,1,9,8,198
8251419,647,5,2099,8,6,7,867
8259226,578,6,5878,4,5,4,454
8282178,663,2,70047,8,10,1,8101
8297770,649,4,118349,8,8,1,881
8302513,648,7,34081,8,3,2,832
8303305,879,1,3876,10,10,5,10105
8303935,582,7,3589,4,3,5,435
8312639,610,5,4154,6,6,5,665
8343094,568,3,1845,3,9,8,398
8344983,586,4,1334,4,8,9,489
8357037,584,9,37124,4,1,2,412
8361322,552,4,49326,1,8,1,181
8364997,556,5,3571,1,6,5,165
8384122,595,3,1115,5,9,9,599
8390545,613,8,8268,6,2,3,623
8394592,552,3,3162,1,9,6,196
8397646,724,1,172,10,10,10,101010
8398619,582,5,7577,4,6,3,463
8400204,733,7,3334,10,3,6,1036
8406197,567,5,1315,2,6,9,269
8410664,739,1,143,10,10,10,101010
8413680,572,7,3225,3,3,6,336
8414634,610,7,4462,6,3,4,634
8415054,558,7,4989,1,3,4,134
8415980,551,4,1208,1,8,9,189
8420751,572,5,2125,3,6,7,367
8420923,862,2,778,10,10,10,101010
8422517,659,6,5686,8,5,4,854
8423882,662,3,1212,8,9,9,899
8424827,625,4,1699,7,8,8,788
8428224,554,4,2430,1,8,7,187
8431011,585,6,54379,4,5,1,451
8447111,575,3,1580,3,9,8,398
8463784,599,8,3597,5,2,5,525
8482032,554,2,1104,1,10,9,1109
8515846,554,10,4672,1,1,4,114
8525962,567,5,82258,2,6,1,261
8531994,588,6,2302,4,5,7,457
8537386,561,6,2020,2,5,8,258
8540087,718,4,2129,10,8,7,1087
8540297,582,7,2523,4,3,7,437
8558755,689,3,1027,9,9,9,999
8560091,608,4,741,6,8,10,6810
8570809,557,5,2260,1,6,7,167
8577193,625,7,3949,7,3,5,735
8582929,677,1,344,9,10,10,91010
8595136,753,5,22457,10,6,2,1062
8604260,557,7,2886,1,3,6,136
8607218,636,4,2720,7,8,6,786
8636499,620,3,1935,7,9,8,798
8658096,582,6,2001,4,5,8,458
8662591,707,5,178151,9,6,1,961
8677527,771,5,1933,10,6,8,1068
8682147,633,4,1184,7,8,9,789
8683807,864,2,1215,10,10,9,10109
8700127,634,6,57780,7,5,1,751
8756082,555,2,915,1,10,10,11010
8756541,570,4,1111,3,8,9,389
8772250,677,7,2423,9,3,7,937
8781956,575,2,1008,3,10,9,3109
8792034,563,5,3456,2,6,5,265
8796873,608,3,848,6,9,10,6910
8847321,565,7,6293,2,3,3,233
8856550,564,5,2557,2,6,7,267
8862362,650,7,4391,8,3,4,834
8876143,644,6,1869,8,5,8,858
8894267,561,10,6312,2,1,3,213
8896147,592,6,2658,5,5,6,556
8915225,633,4,1312,7,8,9,789
8926420,602,3,1201,5,9,9,599
8932099,644,8,5421,8,2,4,824
8938713,889,1,358,10,10,10,101010
8948543,553,4,1482,1,8,9,189
8953276,665,5,3441,8,6,5,865
8958239,625,5,2862,7,6,6,766
8960826,581,5,58260,4,6,1,461
8974206,564,7,2078,2,3,7,237
8981679,645,4,954,8,8,10,8810
9000929,604,5,6091,6,6,4,664
9005567,565,3,2105,2,9,7,297
9046892,608,8,35090,6,2,2,622
9061303,620,5,2774,7,6,6,766
9068833,578,5,4197,4,6,5,465
9101024,845,1,664,10,10,10,101010
9137930,747,4,1078,10,8,9,1089
9145126,584,8,3595,4,2,5,425
9161847,630,6,3912,7,5,5,755
9232079,636,3,816,7,9,10,7910
9234332,572,7,2194,3,3,7,337
9262162,712,4,14157,9,8,2,982
9333206,683,4,1165,9,8,9,989
9362725,771,4,2092,10,8,7,1087
9375780,683,5,1803,9,6,8,968
9407695,791,3,4556,10,9,4,1094
9423528,592,1,927,5,10,10,51010
9430171,577,3,7736,3,9,3,393
9441814,588,2,54302,4,10,1,4101
9466637,762,3,1568,10,9,8,1098
9472173,631,5,2885,7,6,6,766
9483301,580,9,3149,4,1,6,416
9511942,563,8,3490,2,2,5,225
9547884,714,3,3164,10,9,6,1096
9553028,677,4,1159,9,8,9,989
9566914,643,6,33671,8,5,2,852
9578873,597,3,1076,5,9,9,599
9590764,607,3,552,6,9,10,6910
9602322,610,7,3585,6,3,5,635
9614824,560,6,3672,2,5,5,255
9623910,728,5,3938,10,6,5,1065
9631020,563,5,3699,2,6,5,265
9633263,559,4,5298,2,8,4,284
9644458,708,2,873,9,10,10,91010
9646051,561,6,2383,2,5,7,257
9661274,549,6,6362,1,5,3,153
9672001,582,5,1978,4,6,8,468
9675093,657,2,1090,8,10,9,8109
9678682,579,5,3303,4,6,6,466
9698103,628,3,3069,7,9,6,796
9699363,650,5,3696,8,6,5,865
9717420,593,6,9767,5,5,3,553
9734646,738,3,5067,10,9,4,1094
9756922,655,3,879,8,9,10,8910
9766933,628,5,3714,7,6,5,765
9802713,566,5,1831,2,6,8,268
9836822,602,7,3345,5,3,6,536
9861732,621,4,1561,7,8,8,788
9912610,573,4,1547,3,8,8,388
9944495,744,3,1032,10,9,9,1099
9949153,594,3,1787,5,9,8,598
9949974,628,10,4352,7,1,4,714
9957446,622,6,6856,7,5,3,753
9970111,615,5,3681,6,6,5,665
9972726,550,7,3957,1,3,5,135
10004287,760,3,1206,10,9,9,1099
10011588,616,6,3811,6,5,5,655
10034665,821,1,426,10,10,10,101010
10048170,604,7,70696,6,3,1,631
10057971,606,3,3259,6,9,6,696
10067544,608,3,1824,6,9,8,698
10069987,555,7,2935,1,3,6,136
10071065,845,2,1313,10,10,9,10109
10153493,783,3,968,10,9,10,10910
10222793,557,5,2403,1,6,7,167
10248809,783,4,3173,10,8,6,1086
10268231,588,6,14080,4,5,2,452
10325599,561,2,32231,2,10,2,2102
10367000,567,9,11207,2,1,3,213
10371771,660,6,1950,8,5,8,858
10402541,559,4,56705,2,8,1,281
10426581,557,6,2306,1,5,7,157
10437003,640,9,68699,8,1,1,811
10440725,662,6,4604,8,5,4,854
10493035,583,5,1856,4,6,8,468
10503791,615,4,1656,6,8,8,688
10504402,585,6,2490,4,5,7,457
10520750,557,5,21373,1,6,2,162
10545478,581,8,49476,4,2,1,421
10567123,635,4,5167,7,8,4,784
10576123,563,7,92496,2,3,1,231
10603867,783,3,1699,10,9,8,1098
10604077,611,8,16718,6,2,2,622
10609746,794,3,3926,10,9,5,1095
10619175,558,5,2737,1,6,6,166
10630609,612,3,657,6,9,10,6910
10633357,602,1,1091,5,10,9,5109
10639628,572,8,145718,3,2,1,321
10648914,555,4,663,1,8,10,1810
10661912,602,5,7630,5,6,3,563
10664632,560,13,5811,2,1,4,214
10666598,638,7,7486,7,3,3,733
10668536,579,2,1022,4,10,9,4109
10690267,616,3,2724,6,9,6,696
10700918,799,3,1866,10,9,8,1098
10709469,740,6,3250,10,5,6,1056
10724835,596,5,9874,5,6,3,563
10734846,601,4,1472,5,8,9,589
10742090,578,4,2557,4,8,7,487
10747883,627,8,4581,7,2,4,724
10797100,606,6,2318,6,5,7,657
10816789,581,4,2151,4,8,7,487
10840181,566,7,3206,2,3,6,236
10858658,552,6,2709,1,5,6,156
10879769,578,7,4142,4,3,5,435
10904363,584,4,2926,4,8,6,486
10927612,562,5,7989,2,6,3,263
10930695,749,3,876,10,9,10,10910
10974434,599,11,6914,5,1,3,513
11005928,551,12,32617,1,1,2,112
11010290,658,5,6031,8,6,4,864
11038110,650,3,1034,8,9,9,899
11059555,632,6,46039,7,5,1,751
11066341,613,5,202462,6,6,1,661
11075865,612,4,4375,6,8,4,684
11089417,561,6,6471,2,5,3,253
11105871,596,3,904,5,9,10,5910
11110824,608,3,875,6,9,10,6910
11117992,711,5,2118,9,6,7,967
11121284,729,1,1843,10,10,8,10108
11125073,579,8,80169,4,2,1,421
11138788,579,6,2757,4,5,6,456
11156205,617,7,4911,6,3,4,634
11158438,563,3,41586,2,9,2,292
11172420,621,6,2460,7,5,7,757
11178967,606,4,1645,6,8,8,688
11218211,733,3,46548,10,9,1,1091
11284054,590,2,741,5,10,10,51010
11315424,686,4,2001,9,8,8,988
11316608,709,5,187358,9,6,1,961
11333576,612,4,1525,6,8,8,688
11340171,704,3,2326,9,9,7,997
11343101,857,1,900,10,10,10,101010
11375369,552,8,3243,1,2,6,126
11377936,580,6,3764,4,5,5,455
11380656,571,3,924,3,9,10,3910
11382574,581,7,2523,4,3,7,437
11427831,580,4,5091,4,8,4,484
11464823,562,7,5435,2,3,4,234
11494351,698,2,1089,9,10,9,9109
11516073,592,4,1878,5,8,8,588
11516398,647,4,2908,8,8,6,886
11516827,599,4,4711,5,8,4,584
11518564,586,4,4952,4,8,4,484
11551624,654,3,1134,8,9,9,899
11555775,686,6,56257,9,5,1,951
11561750,618,5,9836,6,6,3,663
11566302,587,2,3287,4,10,6,4106
11589207,611,5,51459,6,6,1,661
11593483,568,7,3595,3,3,5,335
11597348,568,5,8523,3,6,3,363
11621675,645,2,436,8,10,10,81010
11627802,588,4,10004,4,8,3,483
11629129,594,3,25902,5,9,2,592
11655775,616,4,3132,6,8,6,686
11674767,587,2,603,4,10,10,41010
11679339,659,2,1662,8,10,8,8108
11706109,661,5,1963,8,6,8,868
11731992,634,4,89855,7,8,1,781
11752072,710,1,1335,9,10,9,9109
11798493,572,4,1302,3,8,9,389
11832994,708,4,6619,9,8,3,983
11841297,613,8,8032,6,2,3,623
11867877,567,7,4838,2,3,4,234
11871685,698,3,1756,9,9,8,998
11871942,640,8,5720,8,2,4,824
11880217,567,7,3981,2,3,5,235
11919365,604,5,3405,6,6,5,665
11922572,564,5,3185,2,6,6,266
11927716,622,5,2653,7,6,6,766
11931915,678,2,7940,9,10,3,9103
11952301,624,2,2796,7,10,6,7106
11954286,623,11,10181,7,1,3,713
11955603,655,5,5726,8,6,4,864
12007569,681,4,1620,9,8,8,988
12010012,755,4,1432,10,8,9,1089
12011291,577,4,3289,3,8,6,386
12044876,594,4,2470,5,8,7,587
12054649,650,8,5837,8,2,4,824
12057626,557,8,2625,1,2,6,126
12080178,654,4,2398,8,8,7,887
12081600,671,5,2690,9,6,6,966
12110089,578,8,5431,4,2,4,424
12117457,585,6,210669,4,5,1,451
12118067,654,8,8955,8,2,3,823
12125807,574,6,7084,3,5,3,353
12133948,570,6,2691,3,5,6,356
12136153,566,4,7836,2,8,3,283
12149457,723,1,137,10,10,10,101010
12173154,645,7,5506,8,3,4,834
12182669,555,6,2108,1,5,7,157
12194666,589,6,2275,4,5,7,457
12195935,643,5,2273,8,6,7,867
12210804,802,1,648,10,10,10,101010
12252950,662,8,115425,8,2,1,821
12269909,575,6,1393,3,5,9,359
12271742,603,2,1116,6,10,9,6109
12277153,717,2,448,10,10,10,101010
12304181,592,4,981,5,8,10,5810
12314574,580,5,66828,4,6,1,461
12316340,625,5,8743,7,6,3,763
12322076,564,3,1054,2,9,9,299
12324366,612,5,75805,6,6,1,661
12354820,587,12,8413,4,1,3,413
12361606,777,1,134,10,10,10,101010
12361902,596,5,2954,5,6,6,566
12377869,639,4,2824,8,8,6,886
12394513,561,4,1941,2,8,8,288
12400459,641,4,1526,8,8,8,888
12409955,608,7,114034,6,3,1,631
12413410,552,6,2234,1,5,7,157
12440056,558,4,2040,1,8,7,187
12444790,566,7,20759,2,3,2,232
12445916,616,8,3143,6,2,6,626
12447777,570,7,66168,3,3,1,331
12466187,680,4,1431,9,8,9,989
12497901,611,7,5739,6,3,4,634
12509229,553,7,45330,1,3,1,131
12509477,567,6,2635,2,5,6,256
12525883,591,4,1040,5,8,9,589
12564250,572,7,10070,3,3,3,333
12588691,601,9,9006,5,1,3,513
12604916,606,4,56248,6,8,1,681
12605145,575,6,4908,3,5,4,354
12623526,632,6,7466,7,5,3,753
12628976,585,8,48577,4,2,1,421
12644704,554,9,19132,1,1,2,112
12648636,593,4,1311,5,8,9,589
12670787,685,3,1110,9,9,9,999
12673688,726,3,889,10,9,10,10910
12677009,628,3,1140,7,9,9,799
12689378,569,3,2181,3,9,7,397
12709936,802,3,2360,10,9,7,1097
12715471,557,3,1568,1,9,8,198
12722362,668,3,59263,9,9,1,991
12724118,624,5,1538,7,6,8,768
12730369,560,3,1215,2,9,9,299
12732344,656,5,3573,8,6,5,865
12737336,596,3,57718,5,9,1,591
12737364,602,3,3321,5,9,6,596
12742690,615,5,2583,6,6,7,667
12744704,697,5,3872,9,6,5,965
12762379,622,6,2859,7,5,6,756
12763018,553,5,5713,1,6,4,164
12772772,592,7,5959,5,3,4,534
12777267,624,7,8294,7,3,3,733
12782545,606,5,1724,6,6,8,668
12786467,657,4,3148,8,8,6,886
12791945,709,6,2834,9,5,6,956
12796422,566,5,2403,2,6,7,267
12805030,627,5,3282,7,6,6,766
12808943,768,11,4679,10,1,4,1014
12820586,814,2,850,10,10,10,101010
12822734,597,5,2870,5,6,6,566
12835637,613,7,3881,6,3,5,635
12838242,639,4,6705,8,8,3,883
12843425,561,8,3884,2,2,5,225
12856271,569,6,77860,3,5,1,351
12856929,552,7,3547,1,3,5,135
12861892,575,6,4455,3,5,4,354
12864192,552,8,55453,1,2,1,121
12865347,768,2,688,10,10,10,101010
12868210,570,6,3349,3,5,6,356
12869947,639,2,1567,8,10,8,8108
12870539,559,6,4090,2,5,5,255
12904858,602,6,37605,5,5,2,552
12905297,575,5,6637,3,6,3,363
12910117,554,4,9247,1,8,3,183
12911682,683,4,975,9,8,10,9810
12917446,552,2,950,1,10,10,11010
12941363,602,7,3655,5,3,5,535
12945209,560,4,7668,2,8,3,283
12947643,556,4,1610,1,8,8,188
12954696,630,3,1199,7,9,9,799
12958561,636,6,2572,7,5,7,757
12976790,583,6,10245,4,5,3,453
13007922,613,8,3308,6,2,6,626
13015108,551,5,3279,1,6,6,166
13028374,570,7,4876,3,3,4,334
13043778,559,4,1673,2,8,8,288
13046106,603,6,3107,6,5,6,656
13050840,595,2,1422,5,10,9,5109
13060317,572,9,53463,3,1,1,311
13068763,575,6,2954,3,5,6,356
13075959,558,6,2378,1,5,7,157
13088691,561,10,35434,2,1,2,212
13127935,811,2,1854,10,10,8,10108
13129090,557,2,1575,1,10,8,1108
13153312,589,8,6677,4,2,3,423
13160823,618,6,13660,6,5,2,652
13173573,616,2,2254,6,10,7,6107
13185160,559,6,26941,2,5,2,252
13200210,680,3,988,9,9,10,9910
13210756,787,2,1882,10,10,8,10108
13220052,606,4,3797,6,8,5,685
13230178,580,10,3329,4,1,6,416
13239569,584,7,4895,4,3,4,434
13243892,569,9,4292,3,1,4,314
13269622,682,4,1456,9,8,9,989
13289282,609,6,58624,6,5,1,651
13314211,671,6,2051,9,5,7,957
13328431,737,7,116563,10,3,1,1031
13353684,626,1,261,7,10,10,71010
13363466,586,4,9638,4,8,3,483
13380493,628,3,1292,7,9,9,799
13388328,601,4,8942,5,8,3,583
13402090,606,6,3431,6,5,5,655
13446364,556,2,1130,1,10,9,1109
13498187,559,6,27009,2,5,2,252
13500248,554,8,4986,1,2,4,124
13514946,625,4,107289,7,8,1,781
13535198,567,6,9326,2,5,3,253
13586343,567,4,21385,2,8,2,282
13588834,558,8,7658,1,2,3,123
13607463,571,6,27480,3,5,2,352
13608465,577,7,3023,3,3,6,336
13638003,562,5,3519,2,6,5,265
13639664,550,6,6621,1,5,3,153
13640437,572,3,2071,3,9,7,397
13655335,588,5,3538,4,6,5,465
13663781,660,2,523,8,10,10,81010
13705927,680,5,1290,9,6,9,969
13712140,554,5,16777,1,6,2,162
13715795,556,3,876,1,9,10,1910
13775186,720,4,57283,10,8,1,1081
13778517,591,8,41938,5,2,2,522
13788375,587,9,16772,4,1,2,412
13796354,570,5,8430,3,6,3,363
13824289,555,9,3019,1,1,6,116
13844121,564,6,33559,2,5,2,252
13854428,863,1,162,10,10,10,101010
13866425,611,6,10056,6,5,3,653
13899131,599,8,7329,5,2,3,523
13914735,720,5,3805,10,6,5,1065
13964716,586,3,1818,4,9,8,498
13976112,703,6,139107,9,5,1,951
13984644,657,5,10354,8,6,3,863
14004075,637,3,1522,7,9,8,798
14087659,614,8,6857,6,2,3,623
14093071,554,3,53771,1,9,1,191
14120433,616,4,2598,6,8,7,687
14163895,565,10,10807,2,1,3,213
14181227,649,2,1712,8,10,8,8108
14200563,581,3,1366,4,9,9,499
14202462,647,7,1933,8,3,8,838
14208494,815,2,6722,10,10,3,10103
14210259,563,4,1379,2,8,9,289
14211996,685,3,124480,9,9,1,991
14218906,659,4,856,8,8,10,8810
14281780,558,3,18120,1,9,2,192
14285741,632,9,15166,7,1,2,712
14297833,743,2,413,10,10,10,101010
14298692,771,5,7428,10,6,3,1063
14325462,632,2,336,7,10,10,71010
14340417,722,2,50052,10,10,1,10101
14343300,567,9,5174,2,1,4,214
14365155,602,9,3726,5,1,5,515
14365231,584,3,1541,4,9,8,498
14367636,597,10,188569,5,1,1,511
14370051,561,10,4509,2,1,4,214
14370223,595,2,47693,5,10,1,5101
14403569,573,8,3457,3,2,5,325
14417255,585,6,55359,4,5,1,451
14417436,798,2,35722,10,10,2,10102
14446382,599,2,37833,5,10,2,5102
14467989,625,9,12965,7,1,2,712
14468953,569,5,26418,3,6,2,362
14506775,640,4,2328,8,8,7,887
14544683,568,8,8360,3,2,3,323
14573076,603,5,23665,6,6,2,662
14581274,764,1,117,10,10,10,101010
14581627,555,6,4637,1,5,4,154
14613561,570,6,4790,3,5,4,354
14617741,563,9,66533,2,1,1,211
14620757,559,5,4213,2,6,5,265
14627123,623,9,60653,7,1,1,711
14634376,797,1,665,10,10,10,101010
14643853,633,4,73348,7,8,1,781
14660163,556,8,3770,1,2,5,125
14676044,573,9,8388,3,1,3,313
14681255,575,3,918,3,9,10,3910
14707090,713,6,5411,9,5,4,954
14738747,558,5,2049,1,6,7,167
14776397,656,6,1981,8,5,8,858
14786103,678,6,40328,9,5,2,952
14811671,646,4,1303,8,8,9,889
14816252,630,5,2794,7,6,6,766
14816978,625,5,1153,7,6,9,769
14829394,582,8,72407,4,2,1,421
14835454,557,11,3771,1,1,5,115
14837611,625,4,23064,7,8,2,782
14846754,560,3,1636,2,9,8,298
14854599,587,2,382,4,10,10,41010
14870776,688,7,36294,9,3,2,932
14870805,649,2,736,8,10,10,81010
14878984,604,11,31648,6,1,2,612
14947355,634,2,1355,7,10,9,7109
14950677,660,7,5876,8,3,4,834
14957548,567,7,14459,2,3,2,232
14959915,594,4,2922,5,8,6,586
14964296,638,7,3961,7,3,5,735
14978802,780,2,802,10,10,10,101010
14980053,592,4,44659,5,8,2,582
14982849,868,1,190,10,10,10,101010
14991667,659,4,1848,8,8,8,888
14995781,563,6,57443,2,5,1,251
15012692,582,4,1286,4,8,9,489
15022618,747,2,5397,10,10,4,10104
15037497,568,6,7609,3,5,3,353
15038041,666,4,1804,9,8,8,988
15062186,559,7,4788,2,3,4,234
15089825,570,9,5745,3,1,4,314
15101326,564,4,63695,2,8,1,281
15106260,584,7,36180,4,3,2,432
15125595,675,5,35840,9,6,2,962
15129146,589,7,6770,4,3,3,433
15139749,680,4,11620,9,8,2,982
15156164,643,7,60750,8,3,1,831
15187191,618,3,66443,6,9,1,691
15188241,557,6,6845,1,5,3,153
15195742,663,4,1684,8,8,8,888
15197537,566,6,23045,2,5,2,252
15225987,575,6,6170,3,5,4,354
15230167,746,4,1543,10,8,8,1088
15256727,572,5,2336,3,6,7,367
15300686,565,5,3422,2,6,5,265
15303721,688,5,13549,9,6,2,962
15341858,596,8,7164,5,2,3,523
15346926,697,6,3688,9,5,5,955
15369153,624,6,102536,7,5,1,751
15373715,607,5,7497,6,6,3,663
15388002,628,4,45239,7,8,1,781
15393442,595,6,1613,5,5,8,558
15396620,573,7,2866,3,3,6,336
15429900,576,12,23919,3,1,2,312
15453902,652,4,2354,8,8,7,887
15501478,551,4,2536,1,8,7,187
15561117,642,7,7955,8,3,3,833
15586418,552,3,1145,1,9,9,199
15632810,579,6,3380,4,5,6,456
15728458,627,6,8150,7,5,3,753
15754961,564,4,2874,2,8,6,286
15760697,588,2,6028,4,10,4,4104
15844034,564,8,5631,2,2,4,224
15845961,632,6,31892,7,5,2,752
15949006,553,7,1681,1,3,8,138
16022140,585,8,30525,4,2,2,422
16057786,660,6,5575,8,5,4,854
16100189,724,3,989,10,9,10,10910
16123495,552,7,2403,1,3,7,137
16137181,641,4,1015,8,8,9,889
16138097,582,5,1573,4,6,8,468
16141810,666,4,5957,9,8,4,984
16160392,614,5,1671,6,6,8,668
16166261,572,10,20434,3,1,2,312
16199760,596,3,3450,5,9,5,595
16215097,718,3,2324,10,9,7,1097
16240598,717,3,35349,10,9,2,1092
16257824,901,1,907,10,10,10,101010
16284528,552,7,9536,1,3,3,133
16337792,566,5,1717,2,6,8,268
16351916,564,5,1508,2,6,8,268
16362816,569,5,1453,3,6,9,369
16391552,594,7,2114,5,3,7,537
16407862,702,1,273,9,10,10,91010
16420298,700,3,1315,9,9,9,999
16436360,647,6,2799,8,5,6,856
16452527,550,7,2732,1,3,6,136
16455953,692,5,27933,9,6,2,962
16460067,626,6,2005,7,5,8,758
16462128,632,4,1006,7,8,9,789
16463035,552,5,1752,1,6,8,168
16465774,611,5,5297,6,6,4,664
16494243,641,7,3032,8,3,6,836
16509847,569,3,1555,3,9,8,398
16540387,601,3,1444,5,9,9,599
16614123,639,3,1814,8,9,8,898
16626959,734,2,998,10,10,10,101010
16644310,557,8,68681,1,2,1,121
16670069,687,4,1515,9,8,8,988
16677188,585,4,1635,4,8,8,488
16677980,685,4,2642,9,8,6,986
16681216,566,4,765,2,8,10,2810
16696285,619,8,32889,7,2,2,722
16709723,574,8,127579,3,2,1,321
16715488,565,6,8791,2,5,3,253
16717921,590,3,78246,5,9,1,591
16718713,639,3,1082,8,9,9,899
16725470,584,6,165909,4,5,1,451
16725757,600,8,5839,5,2,4,524
16729670,558,7,12692,1,3,2,132
16729889,692,5,1256,9,6,9,969
16733411,598,4,2249,5,8,7,587
16733993,616,3,874,6,9,10,6910
16734375,556,8,5902,1,2,4,124
16739977,609,5,2109,6,6,7,667
16760382,600,2,1917,5,10,8,5108
16801544,661,5,4265,8,6,5,865
16807423,692,2,853,9,10,10,91010
16808711,602,7,2942,5,3,6,536
16815096,562,6,5383,2,5,4,254
16815965,567,6,3789,2,5,5,255
16824277,572,5,1732,3,6,8,368
16833583,644,4,22159,8,8,2,882
16834814,649,3,585,8,9,10,8910
16853434,573,2,3035,3,10,6,3106
16904550,618,6,5184,6,5,4,654
16928782,554,8,65392,1,2,1,121
16958110,573,10,3423,3,1,5,315
16968952,643,5,2702,8,6,6,866
16985100,638,5,7445,7,6,3,763
16989996,624,3,1027,7,9,9,799
17010878,580,4,2302,4,8,7,487
17050217,560,5,3501,2,6,5,265
17057862,552,10,5119,1,1,4,114
17088688,612,3,1164,6,9,9,699
17097507,664,3,1324,8,9,9,899
17130977,738,4,1084,10,8,9,1089
17161632,574,10,4563,3,1,4,314
17165230,565,9,8656,2,1,3,213
17167835,608,6,38208,6,5,2,652
17180175,648,7,2577,8,3,7,837
17203176,560,4,1174,2,8,9,289
17204817,638,5,48302,7,6,1,761
17214380,660,3,2674,8,9,6,896
17216699,599,6,8913,5,5,3,553
17223304,631,6,1670,7,5,8,758
17230700,685,2,906,9,10,10,91010
17238335,629,5,2944,7,6,6,766
17248385,667,5,1743,9,6,8,968
17258492,564,5,7002,2,6,3,263
17265869,592,4,14008,5,8,2,582
17287944,624,12,4107,7,1,5,715
17289728,550,8,9583,1,2,3,123
17296600,582,5,1619,4,6,8,468
17325355,577,6,9978,3,5,3,353
17344357,560,10,14290,2,1,2,212
17347087,569,4,71235,3,8,1,381
17374010,572,3,5149,3,9,4,394
17380375,600,8,37121,5,2,2,522
17396924,555,9,148979,1,1,1,111
17407184,612,5,1761,6,6,8,668
17415439,797,2,503,10,10,10,101010
17432609,661,4,1297,8,8,9,889
17446819,649,6,56952,8,5,1,851
17475002,565,6,2131,2,5,7,257
17503338,594,7,4680,5,3,4,534
17507890,596,3,1599,5,9,8,598
17515210,679,2,343,9,10,10,91010
17536665,764,2,472,10,10,10,101010
17619524,578,6,3227,4,5,6,456
17629936,684,1,413,9,10,10,91010
17700751,653,6,64165,8,5,1,851
17706850,563,6,2963,2,5,6,256
17730566,779,2,1162,10,10,9,10109
17732007,616,4,1649,6,8,8,688
17736054,605,5,5459,6,6,4,664
17752173,573,7,2567,3,3,7,337
17764914,649,7,25085,8,3,2,832
17770469,578,4,2427,4,8,7,487
17782265,581,6,82873,4,5,1,451
17795178,581,5,3091,4,6,6,466
17795788,635,6,7520,7,5,3,753
17849740,561,8,2809,2,2,6,226
17880413,574,11,66691,3,1,1,311
17907670,637,4,1656,7,8,8,788
17921728,548,4,1774,1,8,8,188
17922797,570,8,33159,3,2,2,322
17924181,561,4,1605,2,8,8,288
17996199,639,5,6973,8,6,3,863
17997602,688,9,5491,9,1,4,914
18016861,552,7,3001,1,3,6,136
18080194,689,3,1511,9,9,8,998
18104320,595,6,4645,5,5,4,554
18110018,572,7,5278,3,3,4,334
18127101,605,4,35421,6,8,2,682
18159045,623,6,3041,7,5,6,756
18179526,670,4,1877,9,8,8,988
18185824,743,4,2297,10,8,7,1087
18188210,579,4,33754,4,8,2,482
18252173,611,3,698,6,9,10,6910
18263454,645,3,18438,8,9,2,892
18280489,682,4,1279,9,8,9,989
18296714,581,6,3676,4,5,5,455
18306983,661,7,14730,8,3,2,832
18321566,561,6,2403,2,5,7,257
18323198,611,10,9599,6,1,3,613
18324773,674,6,10272,9,5,3,953
18358157,695,2,5000,9,10,4,9104
18360295,701,5,3571,9,6,5,965
18365487,607,5,1653,6,6,8,668
18385128,689,5,10292,9,6,3,963
18419848,578,2,1072,4,10,9,4109
18428619,593,8,38601,5,2,2,522
18430375,706,5,27600,9,6,2,962
18448651,592,9,4418,5,1,4,514
18470468,587,2,1326,4,10,9,4109
18476004,607,5,1442,6,6,9,669
18526233,590,7,18188,5,3,2,532
18543526,661,5,2258,8,6,7,867
18553681,842,3,2268,10,9,7,1097
18578867,665,6,10001,8,5,3,853
18596551,555,7,3514,1,3,5,135
18635404,697,4,858,9,8,10,9810
18701610,564,5,1327,2,6,9,269
18799300,635,3,4521,7,9,4,794
18871594,580,13,7586,4,1,3,413
18875784,560,7,4047,2,3,5,235
18919180,597,7,160991,5,3,1,531
18964656,634,3,1322,7,9,9,799
18966374,570,10,54008,3,1,1,311
18980670,617,9,6269,6,1,3,613
18985328,590,4,1956,5,8,8,588
18989145,552,10,79873,1,1,1,111
19014637,617,2,640,6,10,10,61010
19017070,638,5,199380,7,6,1,761
19033829,690,4,4071,9,8,5,985
19037427,783,5,3425,10,6,5,1065
19065009,558,7,9957,1,3,3,133
19068053,584,4,12694,4,8,2,482
19083591,563,9,3378,2,1,6,216
19137465,606,8,3790,6,2,5,625
19147973,624,3,36937,7,9,2,792
19156162,632,2,2395,7,10,7,7107
19159750,594,4,1790,5,8,8,588
19164847,623,5,31987,7,6,2,762
19168053,635,4,2408,7,8,7,787
19169561,566,2,574,2,10,10,21010
19179095,581,5,40151,4,6,2,462
19188238,571,5,2762,3,6,6,366
19190796,614,3,899,6,9,10,6910
19226165,621,8,4677,7,2,4,724
19255112,555,9,3319,1,1,6,116
19255961,632,6,2367,7,5,7,757
19257574,601,8,185707,5,2,1,521
19259636,679,6,76381,9,5,1,951
19265133,601,9,4563,5,1,4,514
19291016,549,5,3070,1,6,6,166
19324438,573,7,118364,3,3,1,331
19326204,748,3,1535,10,9,8,1098
19330012,560,4,1644,2,8,8,288
19337036,610,5,1769,6,6,8,668
19338916,643,2,509,8,10,10,81010
19379114,581,9,4898,4,1,4,414
19384917,654,5,1453,8,6,9,869
19396942,775,2,1509,10,10,8,10108
19405761,611,3,923,6,9,10,6910
19415209,616,6,6042,6,5,4,654
19430489,676,3,1287,9,9,9,999
19449347,587,8,13838,4,2,2,422
19461764,611,4,4742,6,8,4,684
19489460,641,7,124004,8,3,1,831
19520945,712,4,2494,9,8,7,987
19531328,712,3,1079,9,9,9,999
19563692,655,10,52346,8,1,1,811
19666345,614,4,2032,6,8,8,688
19692466,601,7,6934,5,3,3,533
19693812,840,1,423,10,10,10,101010
19706142,566,6,45447,2,5,1,251
19706362,579,6,5344,4,5,4,454
19829935,556,7,7183,1,3,3,133
19938400,559,7,5307,2,3,4,234
19940777,754,2,1143,10,10,9,10109
19957221,567,6,3696,2,5,5,255
19964732,653,4,20100,8,8,2,882
19967327,583,3,69626,4,9,1,491
19967805,723,4,1163,10,8,9,1089
19988524,608,6,1600,6,5,8,658
19999948,605,10,2908,6,1,6,616
20000883,576,5,2771,3,6,6,366
20020210,556,11,3161,1,1,6,116
20034821,607,4,3775,6,8,5,685
20049080,562,7,3247,2,3,6,236
20060141,585,2,808,4,10,10,41010
20105560,567,4,3936,2,8,5,285
20107564,594,3,58487,5,9,1,591
20108328,628,5,62507,7,6,1,761
20123140,550,8,62321,1,2,1,121
20152057,715,2,4102,10,10,5,10105
20159826,577,7,2039,3,3,8,338
20174724,577,7,3660,3,3,5,335
20187885,561,4,2223,2,8,7,287
20189354,622,3,2425,7,9,7,797
20236024,719,7,5668,10,3,4,1034
20245369,593,4,1258,5,8,9,589
20289404,556,4,1634,1,8,8,188
20347402,612,4,961,6,8,10,6810
20361231,585,6,5725,4,5,4,454
20368026,746,3,5088,10,9,4,1094
20443784,568,7,1680,3,3,8,338
20448499,586,2,563,4,10,10,41010
20462328,630,4,11477,7,8,3,783
20538220,831,2,435,10,10,10,101010
20538669,578,10,6477,4,1,3,413
20539098,600,7,3749,5,3,5,535
20539528,594,7,4571,5,3,4,534
20566756,733,5,1981,10,6,8,1068
20567968,560,9,3859,2,1,5,215
20576415,650,5,2229,8,6,7,867
20578238,681,3,1216,9,9,9,999
20582322,630,5,1886,7,6,8,768
20583506,551,5,2662,1,6,6,166
20595894,550,12,39394,1,1,2,112
20597134,566,4,4189,2,8,5,285
20619467,622,4,1118,7,8,9,789
20630671,564,5,6258,2,6,3,263
20631034,590,5,4516,5,6,4,564
20633658,579,8,8942,4,2,3,423
20642610,571,5,2807,3,6,6,366
20645865,597,4,21749,5,8,2,582
20672702,672,7,42517,9,3,2,932
20675470,727,5,3884,10,6,5,1065
20678524,578,6,4063,4,5,5,455
20678762,578,6,2758,4,5,6,456
20679908,571,7,5100,3,3,4,334
20684956,552,7,2382,1,3,7,137
20686798,574,3,1226,3,9,9,399
20696065,637,2,1574,7,10,8,7108
20696466,650,3,1227,8,9,9,899
20702679,632,5,2189,7,6,7,767
20710992,588,7,8052,4,3,3,433
20713826,558,4,1915,1,8,8,188
20738239,567,5,1884,2,6,8,268
20743555,797,1,253,10,10,10,101010
20749052,558,5,73812,1,6,1,161
20755752,629,9,5881,7,1,4,714
20761478,570,6,1620,3,5,8,358
20764151,650,2,1176,8,10,9,8109
20771719,618,9,7997,6,1,3,613
20772206,608,7,39296,6,3,2,632
20773580,691,3,4261,9,9,5,995
20775527,600,6,9322,5,5,3,553
20777674,674,4,2148,9,8,7,987
20779421,688,6,7194,9,5,3,953
20781186,581,5,4408,4,6,4,464
20783467,715,1,269,10,10,10,101010
20796285,712,2,344,9,10,10,91010
20798451,562,5,2141,2,6,7,267
20799177,552,5,3614,1,6,5,165
20802059,640,5,1421,8,6,9,869
20806182,605,5,3186,6,6,6,666
20806850,610,8,128224,6,2,1,621
20808463,707,2,2819,9,10,6,9106
20811412,863,1,406,10,10,10,101010
20821948,714,7,5007,10,3,4,1034
20830881,557,7,24428,1,3,2,132
20831282,736,2,1614,10,10,8,10108
20837848,714,1,316,10,10,10,101010
20840129,632,5,2413,7,6,7,767
20840582,555,4,953,1,8,10,1810
20841255,564,6,4793,2,5,4,254
20843317,581,4,1293,4,8,9,489
20845722,611,3,952,6,9,10,6910
20849176,759,3,1585,10,9,8,1098
20849253,581,4,9622,4,8,3,483
20849577,663,3,1210,8,9,9,899
20850446,629,4,3031,7,8,6,786
20850933,561,8,4311,2,2,4,224
20855285,620,7,4782,7,3,4,734
20856745,653,5,15694,8,6,2,862
20857861,728,2,482,10,10,10,101010
20873838,620,10,3933,7,1,5,715
20877426,646,7,62054,8,3,1,831
20878409,560,4,5922,2,8,4,284
20880766,567,6,5575,2,5,4,254
20891160,586,2,602,4,10,10,41010
20896256,783,6,55892,10,5,1,1051
20900140,569,5,2052,3,6,7,367
20901553,646,6,3029,8,5,6,856
20907728,578,4,3695,4,8,5,485
20912633,564,3,68685,2,9,1,291
20913521,832,1,675,10,10,10,101010
20921318,627,3,1362,7,9,9,799
20921814,593,12,8289,5,1,3,513
20925765,578,8,8885,4,2,3,423
20926777,575,2,1620,3,10,8,3108
20937361,628,6,3700,7,5,5,755
20941293,579,4,1373,4,8,9,489
20942792,568,3,33090,3,9,2,392
20943135,556,4,1997,1,8,8,188
20944653,558,7,7644,1,3,3,133
20951877,723,4,2339,10,8,7,1087
20955370,584,7,5197,4,3,4,434
20955580,550,5,5794,1,6,4,164
20958319,578,3,44414,4,9,2,492
20960829,668,7,2305,9,3,7,937
20963979,689,3,3431,9,9,5,995
20964189,614,4,1467,6,8,9,689
20966899,637,5,3820,7,6,5,765
20970430,559,8,2637,2,2,6,226
20973437,612,3,2969,6,9,6,696
20977836,708,4,1353,9,8,9,989
20979125,697,5,1238,9,6,9,969
20983057,616,10,4429,6,1,4,614
20990119,556,9,7431,1,1,3,113
20990291,555,9,19330,1,1,2,112
20990835,577,10,10575,3,1,3,313
20990845,825,3,979,10,9,10,10910
20992152,559,8,70772,2,2,1,221
20993479,575,8,29611,3,2,2,322
20994863,637,5,1229,7,6,9,769
20995731,605,2,761,6,10,10,61010
20996991,573,5,124315,3,6,1,361
20999005,565,3,1292,2,9,9,299
21000703,598,5,42381,5,6,2,562
21001896,728,5,3071,10,6,6,1066
21002269,550,4,7645,1,8,3,183
21005179,583,6,4969,4,5,4,454
21005657,564,6,3731,2,5,5,255
21012996,615,7,2442,6,3,7,637
21014532,679,2,1495,9,10,9,9109
21015353,909,1,168,10,10,10,101010
21015410,657,4,2951,8,8,6,886
21016098,583,3,1070,4,9,9,499
21024000,582,5,4668,4,6,4,464
21036073,664,6,2021,8,5,8,858
21039470,686,2,2600,9,10,7,9107
21043202,651,3,994,8,9,10,8910
21046227,584,5,3188,4,6,6,466
21046762,693,5,5276,9,6,4,964
21047058,558,6,133229,1,5,1,151
21050169,681,2,79630,9,10,1,9101
21058348,562,9,48470,2,1,1,211
21060171,657,5,3507,8,6,5,865
21063702,579,3,1615,4,9,8,498
21064828,551,9,6515,1,1,3,113
21066374,598,5,2370,5,6,7,567
21069972,596,6,5694,5,5,4,554
21070287,760,4,1471,10,8,9,1089
21072816,565,4,1535,2,8,8,288
21073914,700,2,1167,9,10,9,9109
21079697,748,2,1382,10,10,9,10109
21080098,579,5,62055,4,6,1,461
21081768,584,5,1117,4,6,9,469
21084154,564,5,7715,2,6,3,263
21084231,674,5,1401,9,6,9,969
21085357,641,2,3482,8,10,5,8105
21085567,608,3,1859,6,9,8,698
21087552,558,6,3888,1,5,5,155
21089947,674,4,2053,9,8,7,987
21091016,607,5,7271,6,6,3,663
21091723,639,6,4474,8,5,4,854
21094242,563,6,2033,2,5,8,258
21096848,579,8,56598,4,2,1,421
21097897,553,3,72108,1,9,1,191
21101887,618,9,3893,6,1,5,615
21101896,591,5,3052,5,6,6,566
21104273,554,9,48414,1,1,1,111
21105008,556,3,38058,1,9,2,192
21107785,554,6,318595,1,5,1,151
21107861,625,3,894,7,9,10,7910
21107957,681,3,1113,9,9,9,999
21108901,620,5,3977,7,6,5,765
21109674,652,6,4210,8,5,5,855
21110142,553,7,18128,1,3,2,132
21111097,585,8,56419,4,2,1,421
21113511,597,10,2818,5,1,6,516
21114198,596,4,3727,5,8,5,585
21117023,588,8,1962,4,2,8,428
21119695,604,5,2008,6,6,8,668
21120593,599,6,3294,5,5,6,556
21121089,657,3,1049,8,9,9,899
21121308,710,4,2833,9,8,6,986
21122931,614,7,2838,6,3,6,636
21124353,578,7,4787,4,3,4,434
21126825,627,5,32769,7,6,2,762
21128342,697,3,2455,9,9,7,997
21129096,702,6,2952,9,5,6,956
21129382,577,4,1025,3,8,9,389
21129764,617,2,6839,6,10,3,6103
21130604,800,3,1793,10,9,8,1098
21132160,623,5,3253,7,6,6,766
21132723,569,5,1670,3,6,8,368
21133105,568,4,15606,3,8,2,382
21133305,573,5,2464,3,6,7,367
21135080,597,8,4593,5,2,4,524
21140740,557,7,3278,1,3,6,136
21140892,593,5,2789,5,6,6,566
21141159,561,6,37308,2,5,2,252
21142620,612,6,4386,6,5,4,654
21142648,598,8,2210,5,2,7,527
21143650,584,6,7316,4,5,3,453
21143918,595,6,3998,5,5,5,555
21146418,566,9,26326,2,1,2,212
21146685,662,3,3750,8,9,5,895
21147630,627,8,76961,7,2,1,721
21147812,549,9,31314,1,1,2,112
21148155,618,2,1023,6,10,9,6109
21149797,622,7,7467,7,3,3,733
21151200,649,7,6831,8,3,3,833
21152440,717,3,1144,10,9,9,1099
21152946,614,6,66437,6,5,1,651
21153156,594,8,3533,5,2,5,525
21153242,555,7,33498,1,3,2,132
21153624,712,3,1449,9,9,9,999
21153757,741,3,128533,10,9,1,1091
21153996,560,10,6033,2,1,4,214
21154339,677,6,41054,9,5,2,952
21154626,623,2,41351,7,10,2,7102
21155332,558,5,1882,1,6,8,168
21155952,632,3,1364,7,9,9,799
21158835,623,3,4599,7,9,4,794
21159216,561,5,2563,2,6,7,267
21159321,662,5,3770,8,6,5,865
21159894,751,4,92597,10,8,1,1081
21160190,582,4,1449,4,8,9,489
21160218,626,9,32765,7,1,2,712
21160266,628,5,66801,7,6,1,761
21160514,729,4,5468,10,8,4,1084
21160572,618,8,3140,6,2,6,626
21160715,563,9,8093,2,1,3,213
21160782,671,8,4660,9,2,4,924
21160972,714,3,1158,10,9,9,1099
21161335,560,5,1948,2,6,8,268
21161440,647,4,39760,8,8,2,882
21161640,646,6,9352,8,5,3,853
21161889,700,4,3265,9,8,6,986
21162013,682,1,238,9,10,10,91010
21162041,560,9,11163,2,1,3,213
21162079,620,8,19343,7,2,2,722
21162146,699,3,20665,9,9,2,992
21162165,865,3,8880,10,9,3,1093
21162213,642,4,1284,8,8,9,889
21162232,783,2,663,10,10,10,101010
21162394,747,1,181,10,10,10,101010
21162423,608,3,34299,6,9,2,692
21162452,577,4,1035,3,8,9,389
21162461,640,8,34428,8,2,2,822
21162480,572,3,835,3,9,10,3910
21162490,602,7,2391,5,3,7,537
21162499,598,11,4672,5,1,4,514
21162576,629,6,2515,7,5,7,757
21162585,606,3,882,6,9,10,6910
21162633,819,6,7368,10,5,3,1053
21162709,590,4,24527,5,8,2,582
21162719,569,6,2102,3,5,7,357
21162795,569,4,1745,3,8,8,388
21162805,583,4,5557,4,8,4,484
21162891,595,6,2801,5,5,6,556
21162900,597,8,3962,5,2,5,525
21162938,726,4,1419,10,8,9,1089
21162977,576,8,6903,3,2,3,323
21162996,622,7,4316,7,3,4,734
21163015,557,9,3356,1,1,6,116
21163063,759,4,3656,10,8,5,1085
21163072,751,2,816,10,10,10,101010
21163110,633,7,2103,7,3,7,737
21163120,562,7,3277,2,3,6,236
21163129,596,4,4285,5,8,4,584
21163167,626,1,182,7,10,10,71010
21163177,899,1,328,10,10,10,101010
21163187,579,7,2521,4,3,7,437
21163196,583,5,1474,4,6,9,469
21163272,596,6,4057,5,5,5,555
21163292,577,7,35706,3,3,2,332
21163330,759,2,928,10,10,10,101010
21163339,652,6,2335,8,5,7,857
21163368,686,6,4189,9,5,5,955
21163377,609,5,2734,6,6,6,666
21163425,711,3,2735,9,9,6,996
21163482,551,6,105159,1,5,1,151
21163530,571,9,55615,3,1,1,311
21163587,643,1,339,8,10,10,81010
21163597,674,4,1635,9,8,8,988
21163635,815,4,5504,10,8,4,1084
21163683,582,6,3705,4,5,5,455
21163692,679,4,92118,9,8,1,981
21163721,589,8,4486,4,2,4,424
21163740,591,8,14740,5,2,2,522
21163759,568,3,20878,3,9,2,392
21163769,724,4,1327,10,8,9,1089
21163778,553,7,37134,1,3,2,132
21163788,662,2,834,8,10,10,81010
21163807,613,4,2404,6,8,7,687
21163864,814,3,1203,10,9,9,1099
21163874,745,2,722,10,10,10,101010
21163883,691,5,2107,9,6,7,967
21163921,596,7,10721,5,3,3,533
21163941,584,8,29230,4,2,2,422
21164036,799,5,1813,10,6,8,1068
21164046,719,4,2235,10,8,7,1087
21164055,717,3,685,10,9,10,10910
21164093,627,4,2662,7,8,6,786
21164103,718,1,672,10,10,10,101010
21164122,723,5,20102,10,6,2,1062
21164141,591,4,1910,5,8,8,588
21164160,598,7,3636,5,3,5,535
21164170,589,4,1566,4,8,8,488
21164179,564,7,4115,2,3,5,235
21164189,671,1,627,9,10,10,91010
21164217,610,7,1468,6,3,9,639
21164227,716,5,43869,10,6,2,1062
21164236,583,5,1877,4,6,8,468
21164265,653,1,650,8,10,10,81010
21164275,610,4,1042,6,8,9,689
21164284,558,5,23352,1,6,2,162
21164341,572,5,2373,3,6,7,367
21164351,608,5,6490,6,6,3,663
21164427,641,5,2459,8,6,7,867
21164437,570,2,1086,3,10,9,3109
21164456,650,4,4121,8,8,5,885
21164465,576,6,2413,3,5,7,357
21164475,593,4,4475,5,8,4,584
21164485,562,8,3519,2,2,5,225
21164513,575,6,1476,3,5,9,359
21164523,730,2,399,10,10,10,101010
21164551,662,11,4643,8,1,4,814
21164561,570,4,3085,3,8,6,386
21164628,554,7,2902,1,3,6,136
21164637,573,3,1253,3,9,9,399
21164714,717,1,208,10,10,10,101010
21164780,589,6,2601,4,5,6,456
21164790,572,7,2947,3,3,6,336
21164799,718,4,2335,10,8,7,1087
21164819,574,7,3476,3,3,5,335
21164828,554,6,13972,1,5,2,152
21164847,652,6,4281,8,5,5,855
21164857,580,6,1957,4,5,8,458
21164866,571,5,2074,3,6,7,367
21164876,586,5,290649,4,6,1,461
21164895,556,7,42974,1,3,2,132
21164924,595,9,3891,5,1,5,515
21164981,566,2,523,2,10,10,21010
21165038,592,4,2073,5,8,7,587
21165095,678,2,648,9,10,10,91010
21165124,594,9,2643,5,1,6,516
21165143,626,3,1480,7,9,9,799
21165153,550,5,43597,1,6,2,162
21165181,565,4,1548,2,8,8,288
21165258,656,3,10323,8,9,3,893
21165267,574,10,3921,3,1,5,315
21165296,633,5,6248,7,6,4,764
21165315,648,5,5000,8,6,4,864
21165334,584,7,18637,4,3,2,432
21165363,569,9,72251,3,1,1,311
21165372,575,8,9529,3,2,3,323
21165391,606,4,1174,6,8,9,689
21165410,627,5,5093,7,6,4,764
21165439,608,5,3598,6,6,5,665
21165468,694,4,1179,9,8,9,989
21165506,564,5,3244,2,6,6,266
21165515,600,8,10190,5,2,3,523
21165534,593,5,1100,5,6,9,569
21165544,670,6,2265,9,5,7,957
21165611,597,5,1688,5,6,8,568
21165620,690,6,1898,9,5,8,958
21165630,616,7,2715,6,3,6,636
21165639,610,3,1200,6,9,9,699
21165658,656,5,2206,8,6,7,867
21165668,758,4,1632,10,8,8,1088
21165678,704,5,6872,9,6,3,963
21165687,623,2,890,7,10,10,71010
21165697,715,6,2207,10,5,7,1057
21165716,587,3,1451,4,9,9,499
21165735,619,4,2708,7,8,6,786
21165744,594,5,285647,5,6,1,561
21165773,561,8,42956,2,2,2,222
21165782,685,5,1519,9,6,8,968
21165802,711,6,60548,9,5,1,951
21165840,563,7,5944,2,3,4,234
21165878,615,6,1863,6,5,8,658
21165887,568,5,1967,3,6,8,368
21165907,693,2,713,9,10,10,91010
21165935,562,10,4587,2,1,4,214
21165964,584,5,3882,4,6,5,465
21165992,671,4,1931,9,8,8,988
21166002,769,1,2864,10,10,6,10106
21166040,688,5,14776,9,6,2,962
21166069,561,9,51214,2,1,1,211
21166078,577,6,3840,3,5,5,355
21166126,619,3,1077,7,9,9,799
21166136,610,3,2633,6,9,6,696
21166145,591,3,635,5,9,10,5910
21166155,650,2,822,8,10,10,81010
21166174,581,7,7697,4,3,3,433
21166193,572,10,23498,3,1,2,312
21166202,580,9,7752,4,1,3,413
21166231,644,5,3644,8,6,5,865
21166241,641,7,7242,8,3,3,833
21166260,599,1,371,5,10,10,51010
21166279,684,4,58392,9,8,1,981
21166288,654,5,1657,8,6,8,868
21166326,620,2,881,7,10,10,71010
21166336,559,9,8841,2,1,3,213
21166384,613,3,2205,6,9,7,697
21166393,802,2,1095,10,10,9,10109
21166441,599,8,3827,5,2,5,525
21166498,570,5,2558,3,6,7,367
21166508,619,5,35141,7,6,2,762
21166517,602,9,46039,5,1,1,511
21166527,565,6,2236,2,5,7,257
21166546,552,7,3288,1,3,6,136
21166565,620,8,3458,7,2,5,725
21166584,594,3,4006,5,9,5,595
21166594,600,8,4127,5,2,5,525
21166603,690,3,2314,9,9,7,997
21166661,560,4,1625,2,8,8,288
21166727,555,9,10838,1,1,3,113
21166766,615,4,5502,6,8,4,684
21166775,576,6,4696,3,5,4,354
21166823,578,1,204,4,10,10,41010
21166851,645,3,1067,8,9,9,899
21166861,646,2,1914,8,10,8,8108
21166880,635,4,2202,7,8,7,787
21166890,568,6,3523,3,5,5,355
21166918,562,4,3187,2,8,6,286
21166947,559,7,1973,2,3,8,238
21167004,669,6,6760,9,5,3,953
21167033,565,4,1262,2,8,9,289
21167042,620,3,3588,7,9,5,795
21167052,661,3,1213,8,9,9,899
21167080,635,4,2741,7,8,6,786
21167100,558,8,27272,1,2,2,122
21167109,596,9,3465,5,1,5,515
21167119,811,3,2135,10,9,7,1097
21167185,617,8,3722,6,2,5,625
21167195,717,3,2501,10,9,7,1097
21167205,615,4,69876,6,8,1,681
21167214,634,6,3568,7,5,5,755
21167224,556,7,4012,1,3,5,135
21167252,634,8,15460,7,2,2,722
21167271,675,2,862,9,10,10,91010
21167329,575,7,2804,3,3,6,336
21167357,652,5,1920,8,6,8,868
21167367,569,10,7527,3,1,3,313
21167386,641,8,63551,8,2,1,821
21167405,561,4,25611,2,8,2,282
21167434,705,5,47363,9,6,1,961
21167453,551,2,1018,1,10,9,1109
21167472,559,7,2456,2,3,7,237
21167510,642,4,2552,8,8,7,887
21167519,564,7,42728,2,3,2,232
21167548,610,8,6353,6,2,3,623
21167558,556,4,2294,1,8,7,187
21167577,561,8,3374,2,2,6,226
21167586,609,4,3271,6,8,6,686
21167596,661,5,2738,8,6,6,866
21167644,608,3,2276,6,9,7,697
21167710,565,6,5769,2,5,4,254
21167768,579,3,1002,4,9,9,499
21167777,563,5,3581,2,6,5,265
21167796,567,4,1860,2,8,8,288
21167806,557,4,1891,1,8,8,188
21167815,682,3,826,9,9,10,9910
21167834,603,8,5152,6,2,4,624
21167844,549,7,5914,1,3,4,134
21167863,647,4,2062,8,8,7,887
21167901,713,6,7579,9,5,3,953
21167911,615,6,1338,6,5,9,659
21167930,583,3,843,4,9,10,4910
21167939,558,9,15456,1,1,2,112
21167949,676,8,4391,9,2,4,924
21167958,569,7,42408,3,3,2,332
21167997,600,8,107945,5,2,1,521
21168006,615,8,7919,6,2,3,623
21168016,828,2,563,10,10,10,101010
21168054,592,4,2312,5,8,7,587
21168063,566,9,3392,2,1,5,215
21168073,715,3,3634,10,9,5,1095
21168092,560,7,3438,2,3,5,235
21168149,659,1,316,8,10,10,81010
21168159,758,4,1280,10,8,9,1089
21168197,575,8,12215,3,2,2,322
21168216,582,9,6024,4,1,4,414
21168235,585,6,1937,4,5,8,458
21168273,571,5,4889,3,6,4,364
21168331,585,3,1103,4,9,9,499
21168359,559,5,1601,2,6,8,268
21168378,647,2,486,8,10,10,81010
21168388,647,7,57322,8,3,1,831
21168397,604,2,1302,6,10,9,6109
21168417,647,4,2629,8,8,6,886
21168426,559,5,4112,2,6,5,265
21168474,583,3,1635,4,9,8,498
21168483,786,3,3256,10,9,6,1096
21168541,563,4,54516,2,8,1,281
21168560,598,5,2716,5,6,6,566
21168569,579,3,2182,4,9,7,497
21168617,587,7,3641,4,3,5,435
21168693,640,3,871,8,9,10,8910
21168741,797,6,2184,10,5,7,1057
21168760,579,1,203,4,10,10,41010
21168770,667,6,6062,9,5,4,954
21168779,660,4,2258,8,8,7,887
21168789,599,4,1500,5,8,9,589
21168808,594,7,11589,5,3,2,532
21168837,595,4,4956,5,8,4,584
21168856,660,1,398,8,10,10,81010
21168875,559,7,54129,2,3,1,231
21168951,573,3,65562,3,9,1,391
21168999,613,8,44969,6,2,1,621
21169018,557,7,275874,1,3,1,131
21169066,660,3,23535,8,9,2,892
21169075,732,4,876,10,8,10,10810
21169104,754,4,6798,10,8,3,1083
21169123,582,5,3389,4,6,5,465
21169180,561,5,4003,2,6,5,265
21169199,628,6,2310,7,5,7,757
21169209,583,5,7621,4,6,3,463
21169218,635,5,3885,7,6,5,765
21169247,550,7,75306,1,3,1,131
21169266,600,7,2105,5,3,7,537
21169295,635,6,4395,7,5,4,754
21169304,554,7,3645,1,3,5,135
21169314,611,3,1432,6,9,9,699
21169333,731,3,2395,10,9,7,1097
21169342,705,4,3641,9,8,5,985
21169352,572,3,1099,3,9,9,399
21169381,640,10,83273,8,1,1,811
21169390,590,5,4055,5,6,5,565
21169400,626,5,3560,7,6,5,765
21169409,568,6,3322,3,5,6,356
21169438,578,3,20453,4,9,2,492
21169466,561,4,1890,2,8,8,288
21169476,590,6,17845,5,5,2,552
21169514,581,5,7546,4,6,3,463
21169600,610,5,2991,6,6,6,666
21169610,568,3,2190,3,9,7,397
21169648,584,8,21957,4,2,2,422
21169657,609,4,3687,6,8,5,685
21169667,638,1,315,7,10,10,71010
21169715,550,6,3456,1,5,5,155
21169734,608,1,366,6,10,10,61010
21169743,557,8,127665,1,2,1,121
21169800,645,4,1121,8,8,9,889
21169858,602,4,31257,5,8,2,582
21169867,583,3,1068,4,9,9,499
21169877,552,10,8611,1,1,3,113
21169896,767,3,975,10,9,10,10910
21169925,557,7,4423,1,3,4,134
21169944,667,5,1870,9,6,8,968
21169972,554,7,3798,1,3,5,135
21169982,778,1,601,10,10,10,101010
21170001,708,2,1238,9,10,9,9109
21170058,647,3,1063,8,9,9,899
21170115,665,4,9829,8,8,3,883
21170125,654,1,153,8,10,10,81010
21170144,557,10,7721,1,1,3,113
21170163,651,2,276,8,10,10,81010
21170192,648,5,6626,8,6,3,863
21170211,691,4,2477,9,8,7,987
21170220,614,5,2434,6,6,7,667
21170278,552,5,4568,1,6,4,164
21170287,690,2,385,9,10,10,91010
21170306,617,5,2277,6,6,7,667
21170316,648,5,3688,8,6,5,865
21170325,676,4,1573,9,8,8,988
21170354,583,7,18626,4,3,2,432
21170373,763,4,34760,10,8,2,1082
21170411,662,5,3174,8,6,6,866
21170449,660,4,877,8,8,10,8810
21170459,550,5,2137,1,6,7,167
21170478,587,5,2749,4,6,6,466
21170488,712,6,36156,9,5,2,952
21170497,692,2,1818,9,10,8,9108
21170516,585,4,1527,4,8,8,488
21170526,594,5,3531,5,6,5,565
21170612,656,7,35165,8,3,2,832
21170631,708,5,2767,9,6,6,966
21170659,566,7,36871,2,3,2,232
21170707,628,2,2039,7,10,8,7108
21170717,692,1,148,9,10,10,91010
21170774,562,7,2266,2,3,7,237
21170783,666,7,9558,9,3,3,933
21170822,573,6,40197,3,5,2,352
21170831,572,5,60855,3,6,1,361
21170850,580,3,1079,4,9,9,499
21170879,645,5,2700,8,6,6,866
21170908,577,10,12932,3,1,2,312
21170927,599,4,5785,5,8,4,584
21170946,737,4,71558,10,8,1,1081
21170984,763,5,2317,10,6,7,1067
21171012,587,4,2356,4,8,7,487
21171022,633,6,3686,7,5,5,755
21171041,619,6,3254,7,5,6,756
21171070,558,4,3286,1,8,6,186
21171089,576,1,203,3,10,10,31010
21171117,554,5,16295,1,6,2,162
21171127,568,4,2001,3,8,8,388
21171137,662,6,2558,8,5,7,857
21171213,598,7,33177,5,3,2,532
21171270,557,10,10157,1,1,3,113
21171289,600,4,2454,5,8,7,587
21171327,626,4,1005,7,8,9,789
21171337,589,4,1626,4,8,8,488
21171394,681,2,961,9,10,10,91010
21171404,776,2,1218,10,10,9,10109
21171413,612,2,281458,6,10,1,6101
21171423,585,5,57373,4,6,1,461
21171461,562,6,7767,2,5,3,253
21171480,552,6,5074,1,5,4,154
21171490,585,6,1628,4,5,8,458
21171499,583,6,97580,4,5,1,451
21171537,732,5,11389,10,6,3,1063
21171556,624,4,1712,7,8,8,788
21171576,557,6,2540,1,5,7,157
21171595,655,4,1367,8,8,9,889
21171604,577,9,2826,3,1,6,316
21171614,575,5,2017,3,6,8,368
21171623,557,4,5337,1,8,4,184
21171690,635,7,7602,7,3,3,733
21171700,586,5,1872,4,6,8,468
21171709,581,5,1153,4,6,9,469
21171719,626,5,2333,7,6,7,767
21171766,680,1,1172,9,10,9,9109
21171776,560,7,2288,2,3,7,237
21171805,697,7,6416,9,3,3,933
21171852,614,6,4865,6,5,4,654
21171929,553,2,1373,1,10,9,1109
21171948,577,6,1816,3,5,8,358
21171967,553,8,6432,1,2,3,123
21171976,663,4,1639,8,8,8,888
21171986,754,2,783,10,10,10,101010
21172005,678,6,14929,9,5,2,952
21172015,601,5,4516,5,6,4,564
21172072,599,6,5475,5,5,4,554
21172100,554,2,699,1,10,10,11010
21172110,639,2,1123,8,10,9,8109
21172158,567,2,258,2,10,10,21010
21172225,628,6,2004,7,5,8,758
21172282,622,5,4044,7,6,5,765
21172310,680,6,2505,9,5,7,957
21172330,689,4,1239,9,8,9,989
21172339,735,4,2780,10,8,6,1086
21172349,584,7,99198,4,3,1,431
21172358,701,2,86235,9,10,1,9101
21172406,635,3,1601,7,9,8,798
21172435,621,7,2345,7,3,7,737
21172463,587,6,3352,4,5,6,456
21172473,611,7,55563,6,3,1,631
21172501,607,2,48185,6,10,1,6101
21172530,555,5,4043,1,6,5,165
21172540,593,6,5954,5,5,4,554
21172578,671,2,1046,9,10,9,9109
21172625,607,4,1621,6,8,8,688
21172644,594,7,72096,5,3,1,531
21172654,656,7,3421,8,3,5,835
21172673,564,6,6072,2,5,4,254
21172711,569,6,2558,3,5,7,357
21172749,620,6,3505,7,5,5,755
21172759,614,4,4385,6,8,4,684
21172769,555,7,2309,1,3,7,137
21172807,707,1,149,9,10,10,91010
21172826,630,5,9548,7,6,3,763
21172893,561,3,1411,2,9,9,299
21172902,745,3,3097,10,9,6,1096
21172931,590,4,48021,5,8,1,581
21172940,686,2,578,9,10,10,91010
21172969,569,13,7087,3,1,3,313
21172979,557,4,2812,1,8,6,186
21173017,588,4,1759,4,8,8,488
21173036,670,3,11926,9,9,2,992
21173112,553,11,7757,1,1,3,113
21173160,556,5,2252,1,6,7,167
21173169,555,5,4862,1,6,4,164
21173188,660,7,7880,8,3,3,833
21173227,582,7,83184,4,3,1,431
21173236,599,8,35499,5,2,2,522
21173246,700,3,8904,9,9,3,993
21173332,581,5,1471,4,6,9,469
21173456,576,4,5063,3,8,4,384
21173494,764,1,351,10,10,10,101010
21173589,615,4,9298,6,8,3,683
21173599,635,2,385,7,10,10,71010
21173608,554,5,5619,1,6,4,164
21173627,619,7,7734,7,3,3,733
21173637,705,7,2665,9,3,6,936
21173647,623,10,48276,7,1,1,711
21173666,561,3,1258,2,9,9,299
21173704,602,7,13159,5,3,2,532
21173723,696,3,956,9,9,10,9910
21173732,599,4,3477,5,8,5,585
21173742,555,9,59890,1,1,1,111
21173799,582,7,5037,4,3,4,434
21173847,552,10,6231,1,1,4,114
21173857,618,8,4580,6,2,4,624
21173962,564,4,36238,2,8,2,282
21174028,553,6,2388,1,5,7,157
21174038,743,3,35600,10,9,2,1092
21174095,566,4,2359,2,8,7,287
21174114,594,7,2982,5,3,6,536
21174143,574,6,3792,3,5,5,355
21174162,593,2,4164,5,10,5,5105
21174181,800,1,168,10,10,10,101010
21174210,733,5,2301,10,6,7,1067
21174315,572,6,59966,3,5,1,351
21174353,614,8,92611,6,2,1,621
